"","quarter","gamma_pi","gamma_y","phi","rho_tp","sigma_policy","xi_i","xi_tp_bar","xi_tp_cycl","natural_rate","fitted_obs"
"1",2018 Q1,0.758743702641342,0.597481859521814,0.500352120268471,0.798275888943959,0.513201217335596,0.246550336879246,0.0166429556538786,0.120882212452529,0.022313481548485,0.662394250894161
"2",2018 Q2,0.760537125248149,0.596181142930335,0.500401711652013,0.799784566941906,0.514668770766654,0.244708360741593,12.4311068477071,0.121451519258037,0.00862690638234767,0.56402050637053
"3",2018 Q3,0.759729105064878,0.596917343379863,0.500502547283704,0.799480031514831,0.514914425265376,0.244720757608015,0.00929480139209996,0.118370405760209,0.000163649421049209,0.493704670435364
"4",2018 Q4,0.764759040833484,0.596395119522736,0.500225641475951,0.797912547092116,0.51582711245819,0.242106842042738,2.75647214737026,0.120037820308082,-0.00507602119384258,0.440864393128107
"5",2019 Q1,0.76487905002401,0.596021125379895,0.500156867474235,0.796739128432881,0.515642341040913,0.242423071945056,0.125263445838605,0.119574273069108,-0.0338510006093112,0.137965859993675
"6",2019 Q2,0.771546105188667,0.594593891595178,0.500783054348716,0.790638917517966,0.51704895954529,0.240723638395529,0.012143429899703,0.119679888811889,-0.0401777741603852,0.012772355667674
"7",2019 Q3,0.754956070178493,0.596278076501332,0.500295470698592,0.804300074516429,0.51401363183717,0.246582591351204,0.0114329073649871,0.117670812669748,-0.0811361257537693,-0.521838754593422
"8",2019 Q4,0.75656980644869,0.597985944731271,0.500181206166584,0.8018756907943,0.514263849571445,0.245495829746123,1.78507093535537,0.11833584418016,-0.0445038281080983,-0.277857767982706
"9",2020 Q1,0.755367797179643,0.59619876923418,0.500231855401472,0.802682428975517,0.514334032774551,0.246384453328562,0.0143113430078018,0.115060410922882,-0.0520890425659898,-0.473764460008256
"10",2020 Q2,0.75797629301266,0.596031701551772,0.500036017748347,0.802524192483693,0.514659721841731,0.244792560756112,0.103217924620573,0.116244049233561,-0.0260351394954057,-0.278771879674381
"11",2020 Q3,0.761260510722606,0.596255907635384,0.500136848574065,0.8017690881122,0.515372191302105,0.243192391730457,0.0865537511280879,0.116140401152651,-0.0192463293644283,-0.25499146938697
"12",2020 Q4,0.760988339254593,0.595542606080065,0.500473584992267,0.80100381382882,0.515805037609113,0.243216035543845,0.05462557770873,0.113118496308046,-0.020196961212527,-0.3156651994835
"13",2021 Q1,0.739695958285665,0.583116863303821,0.500830299163243,0.790001037503356,0.519762089166819,0.269841064927996,0.22462111676352,0.000794744250423663,7.08769207004643e-07,-0.0123818577172267
"14",2021 Q2,0.767039994181126,0.5947476230643,0.500420079678719,0.80064481453899,0.516538304935397,0.240635658834223,1.09838878863822,0.116705714688757,0.0280857104871103,0.189125013225863
"15",2021 Q3,0.738131342804307,0.583923092712495,0.500178962573979,0.790923317073945,0.519352564649601,0.268433701104697,12.4835142875548,0.00469123878454176,1.20732247768549e-05,0.00757710073524613
"16",2021 Q4,0.742417888216486,0.583983340586391,0.500615989003807,0.786332963232656,0.520115499207458,0.267276931534746,0.000817961165199079,0.000830247218666858,9.10349157672526e-07,0.135067385256801
"17",2022 Q1,0.733404287767096,0.584684568260203,0.500158358032338,0.794976693090687,0.518728933746771,0.27030137439394,0.250336392259015,0.00120141310491802,6.39196016055661e-06,0.644003929387133
"18",2022 Q2,0.74435716837464,0.599234808601417,0.500296644774868,0.813907456347414,0.511835607231409,0.249598505188345,0.0983691821125239,0.117799405879735,0.113935610305901,1.35334923643042
"19",2022 Q3,0.640354921538125,0.59406723525851,0.500532378162249,0.837440205067664,0.50327661972453,0.261231683752655,0.528131291222116,0.106764528041831,0.0945318772871621,1.05225174671042
"20",2022 Q4,0.648725421163367,0.596418871255329,0.500695965638413,0.836151175587687,0.503759338716521,0.263579190860218,61.9139457110164,0.10158933987593,0.0829686777118549,1.41824265834153
"21",2023 Q1,0.664357043247005,0.592910206561782,0.500814082432413,0.830193217492876,0.503929522556695,0.262210362782503,8.11230231442008,0.0991095484133276,0.0550859510617462,1.40168766141973
"22",2023 Q2,0.683454956869441,0.564694170380971,0.500195044807488,0.823315543380995,0.521294602039832,0.255770628736864,0.00150501606532821,0.11321641452491,-0.00521700203339588,0.995023932176063
"23",2023 Q3,0.675595895812035,0.546038899617982,0.501094099078218,0.823211236165649,0.532705692398407,0.252534736365722,0.0109102123663153,0.117065187888205,-0.0341034470475917,1.00274186242296
"24",2023 Q4,0.670372847880354,0.529575768081444,0.50030859851939,0.824062665449155,0.536964728548506,0.249201445096417,0.0772700181392671,0.121963677981141,-0.0720471871169416,0.85215587772545
"25",2024 Q1,0.655556195466978,0.505591465997118,0.500782299257736,0.825036027897311,0.541510010175197,0.247360071866675,0.666146349732699,0.124046356845264,-0.100019981982895,0.772412183450516
"26",2024 Q2,0.639244382196277,0.504588708390657,0.500099767952041,0.831773454090944,0.53664182442916,0.245794068003356,0.0705699804305091,0.126898090013507,-0.11878365089684,0.684875630615585
"27",2024 Q3,0.61940421932496,0.505000380580348,0.500920483950684,0.838542555175737,0.531840442791327,0.245367027647538,1.42537498394012,0.128676813759089,-0.150021744540953,0.478347187454634
"28",2024 Q4,0.58951738949043,0.511763204779112,0.500910360915814,0.84450908263201,0.523557756040571,0.246567793338281,0.0471542573604634,0.12686072821902,-0.138353562460893,0.525706615118292
"29",2025 Q1,0.589032320560596,0.51100749299396,0.50094926969322,0.84328354689024,0.519153182380883,0.245403718449103,0.0130968265790727,0.127401604423353,-0.110375720378937,0.633376690661325
"30",2025 Q2,0.567775516135788,0.519264380118169,0.500612597196434,0.848088876515525,0.512077760822249,0.246596548534816,0.00156987457895296,0.124796871276948,-0.100388968094617,0.649649542027497
"31",2025 Q3,0.554813598294379,0.525712200270737,0.500933420944377,0.8517818126759,0.505707006349318,0.246973929736773,0.63154404896533,0.12291651157419,-0.0887152848797105,0.692928180567784
"32",2025 Q4,0.541214505870152,0.526699523719139,0.500759258269569,0.852266387548595,0.500010869731283,0.249317510544723,0.226818629627425,0.119471582097217,-0.0780950286979849,0.744161250461419
