"","quarter","saron_libor_splice","true_snb_rate","forward_rate","log_cpi","log_inflation_diff","yoy_inf","lag_rate","log_gdp","gdp_gap","12m_interest_forecast","hp_inf_gap","inf_gap"
"1",1990 Q2,9.0625,9.0625,6.26874891602856,4.35665172527548,4.43597077793143,NA,9.0625,11.6516403291266,0.989223087698435,NA,-1.41549645785125,NA
"2",1990 Q3,8.60937666666667,8.60937666666667,6.3136943310148,4.37089594012351,5.69768593921189,NA,8.60937666666667,11.6510803089259,0.97479540576418,NA,0.114272079215658,NA
"3",1990 Q4,8.66666666666667,8.66666666666667,6.47905814760388,4.38759424406106,6.67932157502129,NA,8.66666666666667,11.6452830681068,0.43536527845998,NA,1.36484577609766,NA
"4",1991 Q1,8.33333333333333,8.33333333333333,6.2413445296172,4.40280376488385,6.08380832911273,5.72419665531934,8.33333333333333,11.6474919505257,0.693708520312373,NA,1.03996854178451,4.72419665531934
"5",1991 Q2,8.20833333333333,8.20833333333333,5.88205625216255,4.41649557854679,5.47672546517681,5.98438532713068,8.20833333333333,11.6370486074081,-0.317840420520383,NA,0.705179876593391,4.98438532713068
"6",1991 Q3,8.08333333333333,8.08333333333333,5.97681296811397,4.42926276472703,5.1068744720947,5.83668246035138,8.08333333333333,11.6362453589147,-0.372313770215787,NA,0.608591525693439,4.83668246035138
"7",1991 Q4,8.22916666666667,8.22916666666667,6.50910535971273,4.43988936288041,4.25063926135358,5.22951188193446,8.22916666666667,11.6382334123934,-0.156656385940268,NA,0.0254569194369385,4.22951188193446
"8",1992 Q1,8.04166666666667,8.04166666666667,6.35174817322919,4.44920387685911,3.7258055914787,4.64001119752595,8.04166666666667,11.6439229444479,0.418316496811873,NA,-0.227949034489319,3.64001119752595
"9",1992 Q2,9.1875,9.1875,6.71507889648257,4.45904780495433,3.93757123808776,4.25522264075369,9.1875,11.6430654883048,0.326023215068438,NA,0.252044678119254,3.25522264075369
"10",1992 Q3,7.82812666666667,7.82812666666667,6.55747815994425,4.46468884323276,2.25641531137377,3.54260785057345,7.82812666666667,11.6357782575912,-0.423811301886864,NA,-1.16546712581085,2.54260785057345
"11",1992 Q4,6.35937666666667,6.35937666666667,6.14237780210276,4.4740590940365,3.74810032149604,3.41697311560907,6.35937666666667,11.6307489540951,-0.964617073191468,NA,0.583736242689271,2.41697311560907
"12",1993 Q1,5.375,5.375,5.18028887463959,4.48367801994578,3.84757036371006,3.44741430866691,5.375,11.627419657514,-1.35412144498085,NA,0.933785474638379,2.44741430866691
"13",1993 Q2,5.10416666666667,5.10416666666667,5.0093859677746,4.49341479000937,3.89470802543883,3.43669850550468,5.10416666666667,11.6365526605645,-0.517427575793669,NA,1.22338491807105,2.43669850550468
"14",1993 Q3,4.75,4.75,4.62351417011909,4.49841517720641,2.00015487881338,3.37263339736458,4.75,11.6403585726964,-0.233960624956512,NA,-0.438585710191777,2.37263339736458
"15",1993 Q4,4.39583333333333,4.39583333333333,4.44398461135801,4.50045676057959,0.816633349274554,2.63976665430921,4.39583333333333,11.6458159912819,0.193976432671713,NA,-1.4019304555931,1.63976665430921
"16",1994 Q1,4.14583666666667,4.14583666666667,4.79758880654921,4.50125915634657,0.320958306792107,1.75811364007972,4.14583666666667,11.6514249857076,0.616374049088415,NA,-1.6920868029782,0.758113640079717
"17",1994 Q2,4.19271,4.19271,5.61643212481316,4.50011796844204,-0.456475161812975,0.670317843266766,4.19271,11.6430708508416,-0.37837601085645,NA,-2.28003581380632,-0.329682156733234
"18",1994 Q3,4.29166666666667,4.29166666666667,5.8312737671756,4.50369805609791,1.43203506234748,0.528287889150292,4.29166666666667,11.6512546202789,0.25930665661584,NA,-0.218393963217678,-0.471712110849708
"19",1994 Q4,4.12500333333333,4.12500333333333,5.6776264421203,4.50562159047207,0.769413749666015,0.516482989248157,4.12500333333333,11.6546994519671,0.401451375528937,NA,-0.723130052464493,-0.483517010751843
"20",1995 Q1,3.79166666666667,3.79166666666667,5.59028850551807,4.51453363125786,3.56481631431294,1.32744749112836,3.79166666666667,11.65109710733,-0.183214249101192,NA,2.2161542572058,0.327447491128364
"21",1995 Q2,3.29687666666667,3.29687666666667,5.43359461768419,4.51923310544904,1.87978967647275,1.9115137006998,3.29687666666667,11.6542967751767,-0.11047078087521,NA,0.662700766842736,0.911513700699796
"22",1995 Q3,2.69792,2.69792,5.36377392418056,4.52303369743987,1.52023679633331,1.93356413419625,2.69792,11.6594488579051,0.134137084420337,NA,0.42272222108844,0.933564134196253
"23",1995 Q4,2.00521,2.00521,4.90338957463017,4.52444510870897,0.564564507639176,1.88235182368954,2.00521,11.6573563022919,-0.369611866909416,NA,-0.425478949837502,0.882351823689543
"24",1996 Q1,1.72917,1.72917,5.41851785765792,4.52558342060212,0.4553247572602,1.10497893442636,1.72917,11.66493679884,0.0694516884235108,NA,-0.43971940397842,0.104978934426359
"25",1996 Q2,2.35416666666667,2.35416666666667,5.49976088941316,4.52734955875802,0.706455262359285,0.811645330897992,2.35416666666667,11.6587489746296,-0.893178261182374,NA,-0.106164104740927,-0.188354669102008
"26",1996 Q3,2.07812666666667,2.07812666666667,5.37827510954772,4.52917037511293,0.728326541965885,0.613667767306136,2.07812666666667,11.6565209926162,-1.48509754710826,NA,-0.0142703890376072,-0.386332232693864
"27",1996 Q4,1.91666666666667,1.91666666666667,5.21491697943113,4.53161994400703,0.979827557640078,0.717483529806362,1.91666666666667,11.6612853663965,-1.4029087001574,NA,0.295089201315041,-0.282516470193638
"28",1997 Q1,1.78646,1.78646,4.81835995222119,4.53328644664367,0.666601054654592,0.77030260415496,1.78646,11.6667966200935,-1.27008501258544,NA,0.0278048272063236,-0.22969739584504
"29",1997 Q2,1.45833333333333,1.45833333333333,4.68914003268847,4.53266298246562,-0.249385671219216,0.531342370760335,1.45833333333333,11.676049764415,-0.785174300212931,NA,-0.85409323072663,-0.468657629239665
"30",1997 Q3,1.51041666666667,1.51041666666667,4.61473131560643,4.533700034181,0.41482068615224,0.452965906806924,1.51041666666667,11.6906218055183,0.212268969244506,NA,-0.167606059501491,-0.547034093193076
"31",1997 Q4,1.79687666666667,1.79687666666667,4.42997620165592,4.53485154558178,0.460604560309719,0.323160157474334,1.79687666666667,11.6944389223335,0.118098339262562,NA,-0.110769810459563,-0.676839842525666
"32",1998 Q1,1.22396,1.22396,3.89382780400872,4.53361762430751,-0.4935685097049,0.0331177663844606,1.22396,11.7019241355423,0.377718860364012,NA,-1.06443477565382,-0.966882233615539
"33",1998 Q2,1.79166666666667,1.79166666666667,4.00780750616625,4.53321982341379,-0.159120357488973,0.0556840948170212,1.79166666666667,11.7117446028083,0.860875469829069,NA,-0.739269388644924,-0.944315905182979
"34",1998 Q3,1.70963666666667,1.70963666666667,3.8944060392231,4.53455068789987,0.532345794431066,0.0850653718867278,1.70963666666667,11.7111251088651,0.292839737635784,NA,-0.0654582001878679,-0.914934628113272
"35",1998 Q4,1.47151,1.47151,3.59042986033854,4.5340084071747,-0.216912290066418,-0.0843138407073063,1.47151,11.7059744679409,-0.733251863961277,NA,-0.838862731264903,-1.08431384070731
"36",1999 Q1,1.26055666666667,1.26055666666667,3.29104003064562,4.53692603288467,1.16705028398663,0.330840857715575,1.26055666666667,11.7117076755748,-0.673827756424723,NA,0.516383539606501,-0.669159142284425
"37",1999 Q2,1.07944333333333,1.07944333333333,3.40076206491951,4.5386127371932,0.674681723410941,0.539291377940554,1.07944333333333,11.7171944170234,-0.639389107073225,NA,-0.00682526503138908,-0.460708622059446
"38",1999 Q3,1.37833333333333,1.37833333333333,3.70231075354985,4.54428803083351,2.27011745612486,0.973734293364004,1.37833333333333,11.7246068882825,-0.409764866953618,NA,1.55776945874903,-0.0262657066359964
"39",1999 Q4,1.91778,1.91778,4.20274129097444,4.54756717912824,1.31165931789354,1.35587719535399,1.91778,11.7478527986035,1.40916695664874,NA,0.570596988512827,0.355877195353994
"40",2000 Q1,2.47611333333333,2.47611333333333,4.37956248987487,4.5528999976946,2.13312742654139,1.59739648099269,2.47611333333333,11.7522108354003,1.34888227572764,NA,1.36663127797261,0.597396480992685
"41",2000 Q2,3.26666666666667,3.26666666666667,4.32352081745369,4.55410198955987,0.480796746110101,1.54892523666748,3.26666666666667,11.7540821732961,1.05222499386163,NA,-0.307055496059559,0.548925236667476
"42",2000 Q3,3.50389,3.50389,4.10467419731257,4.55904342162834,1.97657282738746,1.47553907948312,3.50389,11.7606164003769,1.23603730949279,NA,1.17138528542575,0.475539079483124
"43",2000 Q4,3.44666666666667,3.44666666666667,3.99191101092112,4.5634212533059,1.75113267102383,1.58540741776569,3.44666666666667,11.7748307557471,2.20326888227818,NA,0.932765600985589,0.585407417765694
"44",2001 Q1,3.39111,3.39111,3.74289467979831,4.56352602232826,0.0419076089457349,1.06260246336678,3.39111,11.7753850942853,1.82035842598035,3.275,-0.786080355350224,0.0626024633667797
"45",2001 Q2,3.20555666666667,3.20555666666667,3.77009571939035,4.56809087344954,1.82594044850859,1.3988883889664,3.20555666666667,11.7798412697188,1.84256749618213,3.1725,0.990710107376383,0.398888388966402
"46",2001 Q3,2.87666666666667,2.87666666666667,3.68733175904731,4.56969626378302,0.642156133392646,1.0652842154677,2.87666666666667,11.7796178040351,1.40968675045271,2.753125,-0.198626883329566,0.0652842154676989
"47",2001 Q4,1.97722,1.97722,3.74413358059511,4.56741548973435,-0.912309619467067,0.399423642844976,1.97722,11.7790851562102,0.955548940541864,2.1775,-1.75826362052538,-0.600576357155024
"48",2002 Q1,1.69,1.69,4.03171507224009,4.56995749830638,1.0168034288121,0.643147597811566,1.69,11.7781872425666,0.470451498632667,2.28478260869565,0.164876266481318,-0.356852402188434
"49",2002 Q2,1.34833333333333,1.34833333333333,3.97182773392143,4.5737337183201,1.51048800548814,0.564284487056455,1.34833333333333,11.7810109783109,0.358394527225094,2.266,0.651700551521109,-0.435715512943545
"50",2002 Q3,0.77389,0.77389,3.85634104351883,4.57391910053124,0.074152884456069,0.42228367482231,0.77389,11.7832467259874,0.183428830391364,1.4,-0.792569992604998,-0.57771632517769
"51",2002 Q4,0.701666666666667,0.701666666666667,3.54343575909242,4.57673639272418,1.12691687717472,0.932090298982757,0.701666666666667,11.7782347846927,-0.725625129129508,1.28235294117647,0.250588131623161,-0.0679097010172427
"52",2003 Q1,0.49611,0.49611,3.35688633729397,4.58032306076696,1.43466721711292,1.03655624605796,0.49611,11.7727257802962,-1.69902885433705,0.833333333333333,0.546962199981092,0.0365562460579625
"53",2003 Q2,0.292776666666667,0.292776666666667,3.50090747098575,4.57889728785052,-0.57030916657439,0.51635695304233,0.292776666666667,11.7714841040459,-2.26521379467499,0.730434782608696,-1.47141743365182,-0.48364304695767
"54",2003 Q3,0.26917,0.26917,3.72372543706667,4.57911224919963,0.0859845396441017,0.519314866839338,0.26917,11.7803762332912,-1.84134089640682,0.693333333333333,-0.831152382394839,-0.480685133160662
"55",2003 Q4,0.258613333333333,0.258613333333333,3.71024590459606,4.58118193488908,0.82787427578026,0.444554216490722,0.258613333333333,11.7905575224647,-1.31426763886171,0.986842105263158,-0.107595496990615,-0.555445783509278
"56",2004 Q1,0.251666666666667,0.251666666666667,3.70771595265544,4.58184454450044,0.265043844541069,0.15214837334776,0.251666666666667,11.7964934217195,-1.23869109125184,0.941176470588235,-0.6902222952477,-0.84785162665224
"57",2004 Q2,0.343333333333333,0.343333333333333,3.63944658876726,4.58693304377311,2.0353997090691,0.803575592258632,0.343333333333333,11.8024864001461,-1.18478501177307,0.96,1.05978161264657,-0.196424407741368
"58",2004 Q3,0.616666666666667,0.616666666666667,3.58634428131449,4.58854084108357,0.64311892418516,0.942859188393896,0.616666666666667,11.801712434725,-1.83459818770045,1.26882352941176,-0.352067402882388,-0.0571408116061036
"59",2004 Q4,0.72778,0.72778,3.17669688472861,4.59429403341142,2.30127693113857,1.31120985223347,0.72778,11.8071268915164,-1.89150000769136,1.31923076923077,1.28798305151147,0.311209852233475
"60",2005 Q1,0.76111,0.76111,2.98046522820995,4.5957817881785,0.595101906831985,1.3937243678062,0.76111,11.8164279305574,-1.58343383885772,1.26736842105263,-0.433941853045688,0.393724367806204
"61",2005 Q2,0.752776666666667,0.752776666666667,2.62378121695716,4.59734619357111,0.625762157042686,1.0413149797996,0.752776666666667,11.8288159646781,-0.986935581505429,1.26736842105263,-0.416581805960262,0.0413149797996013
"62",2005 Q3,0.768333333333333,0.768333333333333,2.40073937919984,4.60003618196607,1.07599535798535,1.14953408824965,0.768333333333333,11.8387462594838,-0.652066212259409,1.19761904761905,0.0231640874568978,0.149534088249649
"63",2005 Q4,0.956666666666667,0.956666666666667,2.28710161596711,4.6052524524236,2.08650818301095,1.09584190121774,0.956666666666667,11.8485294339122,-0.342734539787365,1.41421052631579,1.02662608265997,0.0958419012177423
"64",2006 Q1,1.14972333333333,1.14972333333333,2.56533497989185,4.60841539213851,1.26517588596684,1.26336039600146,1.14972333333333,11.8591761414232,0.0475616208786371,1.51285714285714,0.202288538044852,0.263360396001456
"65",2006 Q2,1.42777666666667,1.42777666666667,3.08699913164746,4.61018388751605,0.707398151012839,1.28376939449399,1.42777666666667,11.8658301266661,0.0388477826877972,1.85,-0.354481398981771,0.283769394493994
"66",2006 Q3,1.68027666666667,1.68027666666667,2.74173237345409,4.61178823093658,0.641737368215445,1.17520489705152,1.68027666666667,11.874607830961,0.248389399693559,2.14,-0.415280305442799,0.175204897051518
"67",2006 Q4,1.97083333333333,1.97083333333333,2.52843690137922,4.60999012257829,-0.719243343318965,0.47376701546904,1.97083333333333,11.8897587593443,1.10673401770817,2.28571428571429,-1.76748247844689,-0.52623298453096
"68",2007 Q1,2.235,2.235,2.75151050137813,4.61011078526957,0.048265076513232,0.169539313105638,2.235,11.8973181631614,1.22284857005456,2.38052631578947,-0.986956723914567,-0.830460686894362
"69",2007 Q2,2.50666666666667,2.50666666666667,3.16123744878509,4.61515633477767,2.01821980324155,0.497244726162815,2.50666666666667,11.9111621502816,1.98909393370379,2.83388888888889,1.00168094420859,-0.502755273837185
"70",2007 Q3,2.79639,2.79639,3.3598956610723,4.61786254053279,1.08248230204566,0.60743095962037,2.79639,11.9198891231826,2.26929616609502,3.07631578947368,0.0923356495795863,-0.39256904037963
"71",2007 Q4,2.75166666666667,2.75166666666667,3.34279912682952,4.62689898800045,3.61457898706341,1.69088654221596,2.75166666666667,11.9256500653905,2.28129624581439,2.91578947368421,2.65995141422349,0.690886542215964
"72",2008 Q1,2.77833333333333,2.77833333333333,3.51277503668954,4.6344715672017,3.02903168050221,2.43607819321321,2.77833333333333,11.9315584885296,2.33776965113714,2.671875,2.12040995845393,1.43607819321321
"73",2008 Q2,2.79194333333333,2.79194333333333,3.61520907699355,4.64189462712579,2.96922396963595,2.67382923481181,2.79194333333333,11.9412733387701,2.80450950480706,2.62105263157895,2.11679229801713,1.67382923481181
"74",2008 Q3,2.81861,2.81861,3.42206879365911,4.64640456050491,1.80397335164706,2.85420199721216,2.81861,11.9457877297338,2.77926456866757,2.6475,1.0162881023438,1.85420199721216
"75",2008 Q4,1.545,1.545,2.98571565139423,4.64227068678751,-1.65354948696148,1.53716987870594,1.545,11.9246838020043,0.216933482335801,0.868863636363636,-2.37088276500101,0.537169878705935
"76",2009 Q1,0.475,0.475,2.98345281059325,4.63449614039583,-3.10981855666839,0.00245731941328486,0.475,11.9099520202171,-1.68848974977606,0.496875,-3.75478031749797,-0.997542680586715
"77",2009 Q2,NA,0.398886666666667,3.30389571412114,4.63461745820177,0.0485271223723771,-0.727716892402608,0.398886666666667,11.9130871996508,-1.79271164233485,0.536842105263158,-0.524147776574842,-1.72771689240261
"78",2009 Q3,NA,0.321666666666667,3.03685568511566,4.63748106497327,1.14544270859973,-0.89234955316444,0.321666666666667,11.921723646047,-1.33643435765003,0.521153846153846,0.64521255263194,-1.89234955316444
"79",2009 Q4,NA,0.2545,2.84940131010952,4.64101338881272,1.41292953578009,-0.125729797479046,0.2545,11.9276770784651,-1.14109828144814,0.6425,0.985872132673784,-1.12572979747905
"80",2010 Q1,NA,0.24889,2.78630639540181,4.64399319877277,1.19192398402141,0.949705837693404,0.24889,11.9376583270902,-0.537797415416266,0.752803030318182,0.838934214598238,-0.0502941623065958
"81",2010 Q2,NA,0.155276666666667,2.35015876039572,4.6443056575195,0.12498349869432,0.96881993177389,0.155276666666667,11.9429124555367,-0.403489231898295,0.736875,-0.153493055367389,-0.0311800682261101
"82",2010 Q3,NA,0.171666666666667,1.93667382031916,4.64130931426984,-1.19853729986588,0.382824929657488,0.171666666666667,11.9496289390458,-0.120353917158919,0.722571428571429,-1.40302868991523,-0.617175070342512
"83",2010 Q4,NA,0.17,2.13521358951745,4.6449671454948,1.46313248998382,0.39537566820842,0.17,11.9586720386711,0.397159104530396,0.622368421052632,1.33122051272986,-0.60462433179158
"84",2011 Q1,NA,0.173333333333333,2.49129572498151,4.64904494847513,1.63112119213373,0.505174970236499,0.173333333333333,11.9606952195997,0.213596043471761,0.90133333335,1.57038206952156,-0.494825029763501
"85",2011 Q2,NA,0.17861,2.57897535911322,4.64856769908285,-0.190899756913865,0.426204156334453,0.17861,11.9686835456902,0.626414752645094,0.966031746047619,-0.182705402794943,-0.573795843665547
"86",2011 Q3,NA,0.0677766666666667,1.81823331451735,4.64440815859014,-1.66381619708282,0.309884432030216,0.0677766666666667,11.9636074497262,-0.268523519961021,0.336052631578947,-1.59074205269406,-0.690115567969784
"87",2011 Q4,NA,0.04889,1.53235489134911,4.64097350776722,-1.37386032917028,-0.39936377275831,0.04889,11.9663822021123,-0.381265273505375,0.262348484863636,-1.24166019864672,-1.39936377275831
"88",2012 Q1,NA,0.08889,1.29068542286703,4.64047600526113,-0.19900100243504,-0.856894321400503,0.08889,11.9693370881781,-0.480287687439924,0.216555555533333,-0.0141345938025977,-1.8568943214005
"89",2012 Q2,NA,0.0987233333333333,1.23613091572169,4.63890080332952,-0.630080772644703,-0.966689575333213,0.0987233333333333,11.9702013153421,-0.793837441531041,0.215356209176471,-0.398937660196017,-1.96668957533321
"90",2012 Q3,NA,0.05,1.17285776247785,4.63836511999426,-0.214273334101023,-0.604303859587763,0.05,11.9772167125125,-0.49859888677072,0.251070175421053,0.056835875725679,-1.60430385958776
"91",2012 Q4,NA,0.0246666666666667,1.11402191803264,4.63729841251556,-0.426682991482608,-0.367509525165843,0.0246666666666667,11.9801045993251,-0.622811152981174,0.13745,-0.12158998682409,-1.36750952516584
"92",2013 Q1,NA,0.022,1.30974869913363,4.63709181521716,-0.082638919360889,-0.338419004397306,0.022,11.9853835490722,-0.51467638003532,0.114141578947368,0.25074835905296,-1.33841900439731
"93",2013 Q2,NA,0.0183333333333333,1.41461026911124,4.63520009408126,-0.756688454357146,-0.370070924825416,0.0183333333333333,11.9923706385589,-0.242157099566996,0.109714285714286,-0.400327648052991,-1.37007092482542
"94",2013 Q3,NA,0.0193333333333333,1.84386821057068,4.63731130864277,0.844485824602259,-0.105381135149596,0.0193333333333333,11.9992793823876,0.0167496092671581,0.163305442190476,1.21871147041877,-1.1053811351496
"95",2013 Q4,NA,0.019,1.90441696755298,4.63688859570423,-0.169085175414097,-0.0409816811324681,0.019,12.0017038392638,-0.177747574181957,0.209139628857143,0.218358883803894,-1.04098168113247
"96",2014 Q1,NA,0.0206666666666667,1.72200275023841,4.63676927665309,-0.0477276204577493,-0.0322538564066832,0.0206666666666667,12.0063609143795,-0.153165790445984,0.19024625,0.347988993648937,-1.03225385640668
"97",2014 Q2,NA,0.0123333333333333,1.43185205683212,4.6367730870593,0.00152416248511145,0.157299297803881,0.0123333333333333,12.0129727831997,0.0636159395183894,0.0974292437058824,0.400131566263419,-0.842700702196119
"98",2014 Q3,NA,0.014,1.08387640077919,4.63697457966206,0.0805970411040136,-0.0336728980706802,0.014,12.020569601306,0.376612334989568,0.168146703307692,0.476060069511541,-1.03367289807068
"99",2014 Q4,NA,-0.0156666666666667,0.908095835459381,4.63546216523406,-0.604965771199772,-0.142643047017099,-0.0156666666666667,12.0274881156769,0.62045749498976,0.0586469173157895,-0.219585765259661,-1.1426430470171
"100",2015 Q1,NA,-0.839333333333333,0.465659510686075,4.6295709301735,-2.3564940242256,-0.719834647959061,-0.839333333333333,12.0270302938794,0.126072194702317,-0.494642857125,-1.98933670744723,-1.71983464795906
"101",2015 Q2,NA,-0.790333333333333,0.564488235469892,4.62549669120985,-1.62969558546102,-1.12763958494559,-0.790333333333333,12.028702408803,-0.155580044411803,-0.601612244928571,-1.28996440303313,-2.12763958494559
"102",2015 Q3,NA,-0.732,0.388590575005784,4.62315099811081,-0.938277239612972,-1.38235815512484,-0.732,12.0356658433607,0.0918965063727307,-0.557714107125,-0.634996079776508,-2.38235815512484
"103",2015 Q4,NA,-0.773333333333333,0.303619867559039,4.62217373194624,-0.390906465829133,-1.32884332878218,-0.773333333333333,12.0431102044854,0.387817215282919,-0.628111111111111,-0.132113432125407,-2.32884332878218
"104",2016 Q1,NA,-0.7636,0.0320447313769086,4.61979134232586,-0.95295584815176,-0.977958784763722,-0.7636,12.0464282473927,0.271754843494734,-0.539579831941176,-0.745306386872575,-1.97795878476372
"105",2016 Q2,NA,-0.748133333333333,0.129973322858819,4.62111375954286,0.528966886797733,-0.438293166699033,-0.748133333333333,12.049288287357,0.110595772311751,-0.71347380952381,0.680282557505159,-1.43829316669903
"106",2016 Q3,NA,-0.744666666666667,-0.142319501988316,4.62130481397233,0.0764217717915017,-0.184618413847915,-0.744666666666667,12.0516287443615,-0.101932992855659,-0.674481875,0.168144478416352,-1.18461841384791
"107",2016 Q4,NA,-0.736066666666667,0.278393085212884,4.6208633896519,-0.176569728174059,-0.131034229434146,-0.736066666666667,12.0520402974112,-0.506947666794416,-0.665817692307692,-0.146193291104661,-1.13103422943415
"108",2017 Q1,NA,-0.728133333333333,0.403490219681564,4.62447458461175,1.44447798394189,0.468324228589267,-0.728133333333333,12.0546130456753,-0.695558739733608,-0.69262625,1.4131556237219,-0.531675771410733
"109",2017 Q2,NA,-0.729866666666667,0.407790654785674,4.62495131491151,0.190692119900859,0.383755536865049,-0.729866666666667,12.0628030483303,-0.321963858872985,-0.57278125,0.0988105832034174,-0.616244463134951
"110",2017 Q3,NA,-0.725933333333333,0.473686818432739,4.62590573039642,0.38176619396495,0.460091642408411,-0.725933333333333,12.0706084475238,0.0142823498869228,-0.6523,0.231074027883044,-0.539908357591589
"111",2017 Q4,NA,-0.741666666666667,0.400780653109045,4.62889004179143,1.19372455800644,0.802665213953535,-0.741666666666667,12.0806340487762,0.574492825352358,-0.590161764705882,0.986517479299605,-0.197334786046465
"112",2018 Q1,NA,-0.741666666666667,0.661574975499775,4.63172136680456,1.13253000524978,0.724678219280506,-0.741666666666667,12.0909402223329,1.16552805236221,-0.505345307,0.871506479076678,-0.275321780719494
"113",2018 Q2,NA,-0.731533333333333,0.568520129043929,4.63457909320033,1.14309055830937,0.962777828882633,-0.731533333333333,12.0984040105684,1.47555667063961,-0.47146125,0.83073522480322,-0.0372221711173673
"114",2018 Q3,NA,-0.730666666666667,0.495388637133779,4.63684697081156,0.907151044489396,1.09412404151374,-0.730666666666667,12.0970341663374,0.905189912904793,-0.484210526315789,0.545190027208553,0.0941240415137443
"115",2018 Q4,NA,-0.732333333333333,0.440902592874607,4.63809856254815,0.500636694636469,0.920852075671252,-0.732333333333333,12.1022668120666,0.996853746154819,-0.546520336375,0.0895183910489192,-0.0791479243287476
"116",2019 Q1,NA,-0.7136,0.136955766127874,4.63772761225705,-0.148380116440094,0.600624545248785,-0.7136,12.1041730932411,0.755910699525564,-0.630629990823529,-0.609825778723734,-0.399375454751215
"117",2019 Q2,NA,-0.717466666666667,0.00563022261078257,4.64134341372988,1.44632058913388,0.676432052954912,-0.717466666666667,12.1108013479541,0.984819529376729,-0.596,0.931703076912987,-0.323567947045088
"118",2019 Q3,NA,-0.795533333333333,-0.529329866240743,4.63922008465931,-0.849331628229777,0.237311384775118,-0.795533333333333,12.1137883433743,0.844409455441628,-0.625555555555556,-1.42125875936915,-0.762688615224882
"119",2019 Q4,NA,-0.723533333333333,-0.294172691975096,4.63752860065573,-0.676593601431108,-0.0569961892417759,-0.723533333333333,12.1158466912826,0.602478646443434,-0.709093277944444,-1.31184371263335,-1.05699618924178
"120",2020 Q1,NA,-0.693533333333333,-0.482088266007574,4.63604844086397,-0.592063916705143,-0.167917139308038,-0.693533333333333,12.1049819722526,-0.944405605503209,-0.794857142857143,-1.29763767455317,-1.16791713930804
"121",2020 Q2,NA,-0.636733333333333,-0.289354052601332,4.62952868511032,-2.60790230145922,-1.18147286195631,-0.636733333333333,12.0391977522634,-8.00025401692328,-0.7320975944375,-3.3909677756541,-2.18147286195631
"122",2020 Q3,NA,-0.735266666666667,-0.260174679884547,4.63039014351164,0.344583360529782,-0.882994114766422,-0.735266666666667,12.0982253020564,-2.59571657458642,-0.721466489230769,-0.522498279284585,-1.88299411476642
"123",2020 Q4,NA,-0.771466666666667,-0.319270430721201,4.63102179530055,0.25266071556409,-0.650680535517623,-0.771466666666667,12.1073250537371,-2.20352697009369,-0.735098307692308,-0.702198563854135,-1.65068053551762
"124",2021 Q1,NA,-0.724541666666667,-0.0123820168984601,4.63168540430702,0.265443602587112,-0.436303655694559,-0.724541666666667,12.1132193246919,-2.14860804409005,-0.660070736272727,-0.777865253706558,-1.43630365569456
"125",2021 Q2,NA,-0.724405,0.191390163216935,4.6341710292166,0.99424996383064,0.464234410627906,-0.724405,12.1386570063581,-0.151848027799201,-0.731938754571429,-0.134651995794857,-0.535765589372094
"126",2021 Q3,NA,-0.705830333333333,0.00758756657297891,4.63849705831618,1.73041163983179,0.810691480453407,-0.705830333333333,12.1584868680666,1.27719551697755,-0.709,0.522787627016838,-0.189308519546593
"127",2021 Q4,NA,-0.686465666666667,0.13506746848709,4.64583557091506,2.93540503955256,1.48137756145053,-0.686465666666667,12.1685740629806,1.73069831666003,-0.6606444921875,1.66002875778669,0.481377561450525
"128",2022 Q1,NA,-0.698908,0.644004307215473,4.65193715324395,2.44063293155818,2.02517489369329,-0.698908,12.1708173469091,1.40339811504643,-0.418,1.11224615690912,1.02517489369329
"129",2022 Q2,NA,-0.529780333333333,1.36433068341892,4.66317341203749,4.49450351741341,2.90023828208898,-0.529780333333333,12.1777887550521,1.55627890860622,0.152,3.13058249980457,1.90023828208898
"130",2022 Q3,0.0157523333333333,0.0157523333333333,1.06668939889173,4.67139699392605,3.28943275542599,3.28999356098754,0.0157523333333333,12.1827656779713,1.51998310616222,1.13,1.90949306478834,2.28999356098754
"131",2022 Q4,0.624029,0.624029,1.43174874342088,4.67527880321464,1.55272371543376,2.94432322995783,0.624029,12.1847098765099,1.19261747032781,1.33066666666667,0.176363627643433,1.94432322995783
"132",2023 Q1,1.100896,1.100896,1.4147886507389,4.68298931609118,3.08420515061805,3.1052162847228,1.100896,12.1909889472255,1.31192234577252,1.80583333333333,1.72991221433088,2.1052162847228
"133",2023 Q2,1.52269433333333,1.52269433333333,1.00805673832964,4.68437864833546,0.555732897710115,2.12052362979698,1.52269433333333,12.1874804477991,0.46588880354583,1.75571428571429,-0.759226292905607,1.12052362979698
"134",2023 Q3,1.70752266666667,1.70752266666667,1.00233551439299,4.68743077113078,1.22084911813012,1.60337772047301,1.70752266666667,12.1919077290335,0.426267275413993,1.92111111111111,-0.0398118822674626,0.603377720473009
"135",2023 Q4,1.70057666666667,1.70057666666667,0.84637510046434,4.69142176102543,1.59639595785777,1.61429578107901,1.70057666666667,12.1954026843512,0.3053712746318,1.48181818181818,0.403169959036581,0.614295781079012
"136",2024 Q1,1.62009366666667,1.62009366666667,0.760350784758845,4.69478801299387,1.34650078737764,1.17986969026891,1.62009366666667,12.1945622990904,-0.238242911038333,1.167,0.232043850729037,0.179869690268909
"137",2024 Q2,1.37014466666667,1.37014466666667,0.667367659748256,4.69764362256509,1.1422438284896,1.32649742296378,1.37014466666667,12.2025812410408,0.113558394270882,1.13545454545455,0.115835282623337,0.326497422963779
"138",2024 Q3,1.128529,1.128529,0.458683437717999,4.69772426236185,0.0322559187033278,1.02934912310708,1.128529,12.2051863638466,-0.0677236463043408,0.8325,-0.899024667164017,0.0293491231070817
"139",2024 Q4,0.780999,0.780999,0.502569474491765,4.6981901954862,0.186373249738736,0.676843446077324,0.780999,12.2098790666146,-0.0332042973490653,0.352307692307692,-0.64497196335791,-0.323156553922676
"140",2025 Q1,0.355159,0.355159,0.611673558539757,4.69831400258774,0.0495228406155235,0.352598959386796,0.355159,12.2186387629602,0.41384495466992,0.195833333333333,-0.678789852966454,-0.647401040613204
"141",2025 Q2,0.124420666666667,0.124420666666667,0.633242031552106,4.69797283562157,-0.136466786467793,0.0329213056474487,0.124420666666667,12.2201443020224,0.140116928333555,-0.0893333333333333,-0.759956972341863,-0.967078694352551
"142",2025 Q3,-0.0466406666666667,-0.0466406666666667,0.67889929854712,4.69941093077961,0.575238063217398,0.168666841775966,-0.0466406666666667,12.2159865238488,-0.696755120000173,-0.0236363636363636,0.0574774583518567,-0.831333158224034
"143",2025 Q4,-0.060632,-0.060632,NA,4.69888536500234,-0.210226310908723,0.0695169516141014,-0.060632,12.2182474197374,-0.890110382020529,-0.07,-0.621758203250016,-0.930483048385899
"144",2026 Q1,-0.0723396666666667,-0.0723396666666667,NA,4.69942741950871,0.216821802548139,0.111341692097255,-0.0723396666666667,12.2225930179439,-0.874448881708362,-0.015,-0.0884261109495618,-0.888658307902745
