"CubeId";"devkum"
"PublishingDate";"2026-06-01 14:30"

"Date";"D0";"D1";"Value"
"1972-01";"M0";"EUR1";
"1972-02";"M0";"EUR1";
"1972-03";"M0";"EUR1";
"1972-04";"M0";"EUR1";
"1972-05";"M0";"EUR1";
"1972-06";"M0";"EUR1";
"1972-07";"M0";"EUR1";
"1972-08";"M0";"EUR1";
"1972-09";"M0";"EUR1";
"1972-10";"M0";"EUR1";
"1972-11";"M0";"EUR1";
"1972-12";"M0";"EUR1";
"1973-01";"M0";"EUR1";
"1973-02";"M0";"EUR1";
"1973-03";"M0";"EUR1";
"1973-04";"M0";"EUR1";
"1973-05";"M0";"EUR1";
"1973-06";"M0";"EUR1";
"1973-07";"M0";"EUR1";
"1973-08";"M0";"EUR1";
"1973-09";"M0";"EUR1";
"1973-10";"M0";"EUR1";
"1973-11";"M0";"EUR1";
"1973-12";"M0";"EUR1";
"1974-01";"M0";"EUR1";
"1974-02";"M0";"EUR1";
"1974-03";"M0";"EUR1";
"1974-04";"M0";"EUR1";
"1974-05";"M0";"EUR1";
"1974-06";"M0";"EUR1";
"1974-07";"M0";"EUR1";
"1974-08";"M0";"EUR1";
"1974-09";"M0";"EUR1";
"1974-10";"M0";"EUR1";
"1974-11";"M0";"EUR1";
"1974-12";"M0";"EUR1";
"1975-01";"M0";"EUR1";
"1975-02";"M0";"EUR1";
"1975-03";"M0";"EUR1";
"1975-04";"M0";"EUR1";
"1975-05";"M0";"EUR1";
"1975-06";"M0";"EUR1";
"1975-07";"M0";"EUR1";
"1975-08";"M0";"EUR1";
"1975-09";"M0";"EUR1";
"1975-10";"M0";"EUR1";
"1975-11";"M0";"EUR1";
"1975-12";"M0";"EUR1";
"1976-01";"M0";"EUR1";
"1976-02";"M0";"EUR1";
"1976-03";"M0";"EUR1";
"1976-04";"M0";"EUR1";
"1976-05";"M0";"EUR1";
"1976-06";"M0";"EUR1";
"1976-07";"M0";"EUR1";
"1976-08";"M0";"EUR1";
"1976-09";"M0";"EUR1";
"1976-10";"M0";"EUR1";
"1976-11";"M0";"EUR1";
"1976-12";"M0";"EUR1";
"1977-01";"M0";"EUR1";
"1977-02";"M0";"EUR1";
"1977-03";"M0";"EUR1";
"1977-04";"M0";"EUR1";
"1977-05";"M0";"EUR1";
"1977-06";"M0";"EUR1";
"1977-07";"M0";"EUR1";
"1977-08";"M0";"EUR1";
"1977-09";"M0";"EUR1";
"1977-10";"M0";"EUR1";
"1977-11";"M0";"EUR1";
"1977-12";"M0";"EUR1";
"1978-01";"M0";"EUR1";
"1978-02";"M0";"EUR1";
"1978-03";"M0";"EUR1";
"1978-04";"M0";"EUR1";
"1978-05";"M0";"EUR1";
"1978-06";"M0";"EUR1";
"1978-07";"M0";"EUR1";
"1978-08";"M0";"EUR1";
"1978-09";"M0";"EUR1";
"1978-10";"M0";"EUR1";
"1978-11";"M0";"EUR1";
"1978-12";"M0";"EUR1";
"1979-01";"M0";"EUR1";
"1979-02";"M0";"EUR1";
"1979-03";"M0";"EUR1";
"1979-04";"M0";"EUR1";
"1979-05";"M0";"EUR1";
"1979-06";"M0";"EUR1";
"1979-07";"M0";"EUR1";
"1979-08";"M0";"EUR1";
"1979-09";"M0";"EUR1";
"1979-10";"M0";"EUR1";
"1979-11";"M0";"EUR1";
"1979-12";"M0";"EUR1";
"1980-01";"M0";"EUR1";
"1980-02";"M0";"EUR1";
"1980-03";"M0";"EUR1";
"1980-04";"M0";"EUR1";
"1980-05";"M0";"EUR1";
"1980-06";"M0";"EUR1";
"1980-07";"M0";"EUR1";
"1980-08";"M0";"EUR1";
"1980-09";"M0";"EUR1";
"1980-10";"M0";"EUR1";
"1980-11";"M0";"EUR1";
"1980-12";"M0";"EUR1";
"1981-01";"M0";"EUR1";
"1981-02";"M0";"EUR1";
"1981-03";"M0";"EUR1";
"1981-04";"M0";"EUR1";
"1981-05";"M0";"EUR1";
"1981-06";"M0";"EUR1";
"1981-07";"M0";"EUR1";
"1981-08";"M0";"EUR1";
"1981-09";"M0";"EUR1";
"1981-10";"M0";"EUR1";
"1981-11";"M0";"EUR1";
"1981-12";"M0";"EUR1";
"1982-01";"M0";"EUR1";
"1982-02";"M0";"EUR1";
"1982-03";"M0";"EUR1";
"1982-04";"M0";"EUR1";
"1982-05";"M0";"EUR1";
"1982-06";"M0";"EUR1";
"1982-07";"M0";"EUR1";
"1982-08";"M0";"EUR1";
"1982-09";"M0";"EUR1";
"1982-10";"M0";"EUR1";
"1982-11";"M0";"EUR1";
"1982-12";"M0";"EUR1";
"1983-01";"M0";"EUR1";
"1983-02";"M0";"EUR1";
"1983-03";"M0";"EUR1";
"1983-04";"M0";"EUR1";
"1983-05";"M0";"EUR1";
"1983-06";"M0";"EUR1";
"1983-07";"M0";"EUR1";
"1983-08";"M0";"EUR1";
"1983-09";"M0";"EUR1";
"1983-10";"M0";"EUR1";
"1983-11";"M0";"EUR1";
"1983-12";"M0";"EUR1";
"1984-01";"M0";"EUR1";
"1984-02";"M0";"EUR1";
"1984-03";"M0";"EUR1";
"1984-04";"M0";"EUR1";
"1984-05";"M0";"EUR1";
"1984-06";"M0";"EUR1";
"1984-07";"M0";"EUR1";
"1984-08";"M0";"EUR1";
"1984-09";"M0";"EUR1";
"1984-10";"M0";"EUR1";
"1984-11";"M0";"EUR1";
"1984-12";"M0";"EUR1";
"1985-01";"M0";"EUR1";
"1985-02";"M0";"EUR1";
"1985-03";"M0";"EUR1";
"1985-04";"M0";"EUR1";
"1985-05";"M0";"EUR1";
"1985-06";"M0";"EUR1";
"1985-07";"M0";"EUR1";
"1985-08";"M0";"EUR1";
"1985-09";"M0";"EUR1";
"1985-10";"M0";"EUR1";
"1985-11";"M0";"EUR1";
"1985-12";"M0";"EUR1";
"1986-01";"M0";"EUR1";
"1986-02";"M0";"EUR1";
"1986-03";"M0";"EUR1";
"1986-04";"M0";"EUR1";
"1986-05";"M0";"EUR1";
"1986-06";"M0";"EUR1";
"1986-07";"M0";"EUR1";
"1986-08";"M0";"EUR1";
"1986-09";"M0";"EUR1";
"1986-10";"M0";"EUR1";
"1986-11";"M0";"EUR1";
"1986-12";"M0";"EUR1";
"1987-01";"M0";"EUR1";
"1987-02";"M0";"EUR1";
"1987-03";"M0";"EUR1";
"1987-04";"M0";"EUR1";
"1987-05";"M0";"EUR1";
"1987-06";"M0";"EUR1";
"1987-07";"M0";"EUR1";
"1987-08";"M0";"EUR1";
"1987-09";"M0";"EUR1";
"1987-10";"M0";"EUR1";
"1987-11";"M0";"EUR1";
"1987-12";"M0";"EUR1";
"1988-01";"M0";"EUR1";
"1988-02";"M0";"EUR1";
"1988-03";"M0";"EUR1";
"1988-04";"M0";"EUR1";
"1988-05";"M0";"EUR1";
"1988-06";"M0";"EUR1";
"1988-07";"M0";"EUR1";
"1988-08";"M0";"EUR1";
"1988-09";"M0";"EUR1";
"1988-10";"M0";"EUR1";
"1988-11";"M0";"EUR1";
"1988-12";"M0";"EUR1";
"1989-01";"M0";"EUR1";
"1989-02";"M0";"EUR1";
"1989-03";"M0";"EUR1";
"1989-04";"M0";"EUR1";
"1989-05";"M0";"EUR1";
"1989-06";"M0";"EUR1";
"1989-07";"M0";"EUR1";
"1989-08";"M0";"EUR1";
"1989-09";"M0";"EUR1";
"1989-10";"M0";"EUR1";
"1989-11";"M0";"EUR1";
"1989-12";"M0";"EUR1";
"1990-01";"M0";"EUR1";
"1990-02";"M0";"EUR1";
"1990-03";"M0";"EUR1";
"1990-04";"M0";"EUR1";
"1990-05";"M0";"EUR1";
"1990-06";"M0";"EUR1";
"1990-07";"M0";"EUR1";
"1990-08";"M0";"EUR1";
"1990-09";"M0";"EUR1";
"1990-10";"M0";"EUR1";
"1990-11";"M0";"EUR1";
"1990-12";"M0";"EUR1";
"1991-01";"M0";"EUR1";
"1991-02";"M0";"EUR1";
"1991-03";"M0";"EUR1";
"1991-04";"M0";"EUR1";
"1991-05";"M0";"EUR1";
"1991-06";"M0";"EUR1";
"1991-07";"M0";"EUR1";
"1991-08";"M0";"EUR1";
"1991-09";"M0";"EUR1";
"1991-10";"M0";"EUR1";
"1991-11";"M0";"EUR1";
"1991-12";"M0";"EUR1";
"1992-01";"M0";"EUR1";
"1992-02";"M0";"EUR1";
"1992-03";"M0";"EUR1";
"1992-04";"M0";"EUR1";
"1992-05";"M0";"EUR1";
"1992-06";"M0";"EUR1";
"1992-07";"M0";"EUR1";
"1992-08";"M0";"EUR1";
"1992-09";"M0";"EUR1";
"1992-10";"M0";"EUR1";
"1992-11";"M0";"EUR1";
"1992-12";"M0";"EUR1";
"1993-01";"M0";"EUR1";
"1993-02";"M0";"EUR1";
"1993-03";"M0";"EUR1";
"1993-04";"M0";"EUR1";
"1993-05";"M0";"EUR1";
"1993-06";"M0";"EUR1";
"1993-07";"M0";"EUR1";
"1993-08";"M0";"EUR1";
"1993-09";"M0";"EUR1";
"1993-10";"M0";"EUR1";
"1993-11";"M0";"EUR1";
"1993-12";"M0";"EUR1";
"1994-01";"M0";"EUR1";
"1994-02";"M0";"EUR1";
"1994-03";"M0";"EUR1";
"1994-04";"M0";"EUR1";
"1994-05";"M0";"EUR1";
"1994-06";"M0";"EUR1";
"1994-07";"M0";"EUR1";
"1994-08";"M0";"EUR1";
"1994-09";"M0";"EUR1";
"1994-10";"M0";"EUR1";
"1994-11";"M0";"EUR1";
"1994-12";"M0";"EUR1";
"1995-01";"M0";"EUR1";
"1995-02";"M0";"EUR1";
"1995-03";"M0";"EUR1";
"1995-04";"M0";"EUR1";
"1995-05";"M0";"EUR1";
"1995-06";"M0";"EUR1";
"1995-07";"M0";"EUR1";
"1995-08";"M0";"EUR1";
"1995-09";"M0";"EUR1";
"1995-10";"M0";"EUR1";
"1995-11";"M0";"EUR1";
"1995-12";"M0";"EUR1";
"1996-01";"M0";"EUR1";
"1996-02";"M0";"EUR1";
"1996-03";"M0";"EUR1";
"1996-04";"M0";"EUR1";
"1996-05";"M0";"EUR1";
"1996-06";"M0";"EUR1";
"1996-07";"M0";"EUR1";
"1996-08";"M0";"EUR1";
"1996-09";"M0";"EUR1";
"1996-10";"M0";"EUR1";
"1996-11";"M0";"EUR1";
"1996-12";"M0";"EUR1";
"1997-01";"M0";"EUR1";
"1997-02";"M0";"EUR1";
"1997-03";"M0";"EUR1";
"1997-04";"M0";"EUR1";
"1997-05";"M0";"EUR1";
"1997-06";"M0";"EUR1";
"1997-07";"M0";"EUR1";
"1997-08";"M0";"EUR1";
"1997-09";"M0";"EUR1";
"1997-10";"M0";"EUR1";
"1997-11";"M0";"EUR1";
"1997-12";"M0";"EUR1";
"1998-01";"M0";"EUR1";
"1998-02";"M0";"EUR1";
"1998-03";"M0";"EUR1";
"1998-04";"M0";"EUR1";
"1998-05";"M0";"EUR1";
"1998-06";"M0";"EUR1";
"1998-07";"M0";"EUR1";
"1998-08";"M0";"EUR1";
"1998-09";"M0";"EUR1";
"1998-10";"M0";"EUR1";
"1998-11";"M0";"EUR1";
"1998-12";"M0";"EUR1";
"1999-01";"M0";"EUR1";"1.6052"
"1999-02";"M0";"EUR1";"1.5983"
"1999-03";"M0";"EUR1";"1.5948"
"1999-04";"M0";"EUR1";"1.6019"
"1999-05";"M0";"EUR1";"1.6028"
"1999-06";"M0";"EUR1";"1.5948"
"1999-07";"M0";"EUR1";"1.6041"
"1999-08";"M0";"EUR1";"1.6003"
"1999-09";"M0";"EUR1";"1.6016"
"1999-10";"M0";"EUR1";"1.594"
"1999-11";"M0";"EUR1";"1.6049"
"1999-12";"M0";"EUR1";"1.6012"
"2000-01";"M0";"EUR1";"1.6097"
"2000-02";"M0";"EUR1";"1.6069"
"2000-03";"M0";"EUR1";"1.6046"
"2000-04";"M0";"EUR1";"1.5738"
"2000-05";"M0";"EUR1";"1.5565"
"2000-06";"M0";"EUR1";"1.5598"
"2000-07";"M0";"EUR1";"1.5508"
"2000-08";"M0";"EUR1";"1.5512"
"2000-09";"M0";"EUR1";"1.53"
"2000-10";"M0";"EUR1";"1.5133"
"2000-11";"M0";"EUR1";"1.5213"
"2000-12";"M0";"EUR1";"1.5135"
"2001-01";"M0";"EUR1";"1.5291"
"2001-02";"M0";"EUR1";"1.5355"
"2001-03";"M0";"EUR1";"1.5357"
"2001-04";"M0";"EUR1";"1.5287"
"2001-05";"M0";"EUR1";"1.5337"
"2001-06";"M0";"EUR1";"1.5225"
"2001-07";"M0";"EUR1";"1.5134"
"2001-08";"M0";"EUR1";"1.5144"
"2001-09";"M0";"EUR1";"1.4919"
"2001-10";"M0";"EUR1";"1.4796"
"2001-11";"M0";"EUR1";"1.4665"
"2001-12";"M0";"EUR1";"1.4743"
"2002-01";"M0";"EUR1";"1.4738"
"2002-02";"M0";"EUR1";"1.4774"
"2002-03";"M0";"EUR1";"1.468"
"2002-04";"M0";"EUR1";"1.466"
"2002-05";"M0";"EUR1";"1.4567"
"2002-06";"M0";"EUR1";"1.4716"
"2002-07";"M0";"EUR1";"1.4626"
"2002-08";"M0";"EUR1";"1.4639"
"2002-09";"M0";"EUR1";"1.4651"
"2002-10";"M0";"EUR1";"1.4649"
"2002-11";"M0";"EUR1";"1.4673"
"2002-12";"M0";"EUR1";"1.468"
"2003-01";"M0";"EUR1";"1.4623"
"2003-02";"M0";"EUR1";"1.4672"
"2003-03";"M0";"EUR1";"1.469"
"2003-04";"M0";"EUR1";"1.4954"
"2003-05";"M0";"EUR1";"1.5148"
"2003-06";"M0";"EUR1";"1.5399"
"2003-07";"M0";"EUR1";"1.5471"
"2003-08";"M0";"EUR1";"1.5404"
"2003-09";"M0";"EUR1";"1.5469"
"2003-10";"M0";"EUR1";"1.5481"
"2003-11";"M0";"EUR1";"1.5587"
"2003-12";"M0";"EUR1";"1.5549"
"2004-01";"M0";"EUR1";"1.5661"
"2004-02";"M0";"EUR1";"1.5731"
"2004-03";"M0";"EUR1";"1.5666"
"2004-04";"M0";"EUR1";"1.5547"
"2004-05";"M0";"EUR1";"1.5408"
"2004-06";"M0";"EUR1";"1.5187"
"2004-07";"M0";"EUR1";"1.5268"
"2004-08";"M0";"EUR1";"1.5381"
"2004-09";"M0";"EUR1";"1.5431"
"2004-10";"M0";"EUR1";"1.5427"
"2004-11";"M0";"EUR1";"1.5221"
"2004-12";"M0";"EUR1";"1.5359"
"2005-01";"M0";"EUR1";"1.5467"
"2005-02";"M0";"EUR1";"1.5499"
"2005-03";"M0";"EUR1";"1.5489"
"2005-04";"M0";"EUR1";"1.5471"
"2005-05";"M0";"EUR1";"1.5448"
"2005-06";"M0";"EUR1";"1.5382"
"2005-07";"M0";"EUR1";"1.5581"
"2005-08";"M0";"EUR1";"1.5526"
"2005-09";"M0";"EUR1";"1.5491"
"2005-10";"M0";"EUR1";"1.5489"
"2005-11";"M0";"EUR1";"1.5452"
"2005-12";"M0";"EUR1";"1.5478"
"2006-01";"M0";"EUR1";"1.5491"
"2006-02";"M0";"EUR1";"1.5578"
"2006-03";"M0";"EUR1";"1.5688"
"2006-04";"M0";"EUR1";"1.5749"
"2006-05";"M0";"EUR1";"1.5565"
"2006-06";"M0";"EUR1";"1.56"
"2006-07";"M0";"EUR1";"1.5686"
"2006-08";"M0";"EUR1";"1.5775"
"2006-09";"M0";"EUR1";"1.5837"
"2006-10";"M0";"EUR1";"1.5897"
"2006-11";"M0";"EUR1";"1.5922"
"2006-12";"M0";"EUR1";"1.5966"
"2007-01";"M0";"EUR1";"1.6157"
"2007-02";"M0";"EUR1";"1.6213"
"2007-03";"M0";"EUR1";"1.6126"
"2007-04";"M0";"EUR1";"1.6374"
"2007-05";"M0";"EUR1";"1.65"
"2007-06";"M0";"EUR1";"1.6542"
"2007-07";"M0";"EUR1";"1.6567"
"2007-08";"M0";"EUR1";"1.6377"
"2007-09";"M0";"EUR1";"1.6475"
"2007-10";"M0";"EUR1";"1.6704"
"2007-11";"M0";"EUR1";"1.6485"
"2007-12";"M0";"EUR1";"1.6586"
"2008-01";"M0";"EUR1";"1.6189"
"2008-02";"M0";"EUR1";"1.6087"
"2008-03";"M0";"EUR1";"1.5711"
"2008-04";"M0";"EUR1";"1.5954"
"2008-05";"M0";"EUR1";"1.6245"
"2008-06";"M0";"EUR1";"1.6138"
"2008-07";"M0";"EUR1";"1.6186"
"2008-08";"M0";"EUR1";"1.6204"
"2008-09";"M0";"EUR1";"1.5945"
"2008-10";"M0";"EUR1";"1.5202"
"2008-11";"M0";"EUR1";"1.5152"
"2008-12";"M0";"EUR1";"1.5397"
"2009-01";"M0";"EUR1";"1.494"
"2009-02";"M0";"EUR1";"1.4905"
"2009-03";"M0";"EUR1";"1.5068"
"2009-04";"M0";"EUR1";"1.5151"
"2009-05";"M0";"EUR1";"1.5118"
"2009-06";"M0";"EUR1";"1.5145"
"2009-07";"M0";"EUR1";"1.5202"
"2009-08";"M0";"EUR1";"1.524"
"2009-09";"M0";"EUR1";"1.5148"
"2009-10";"M0";"EUR1";"1.514"
"2009-11";"M0";"EUR1";"1.5104"
"2009-12";"M0";"EUR1";"1.5025"
"2010-01";"M0";"EUR1";"1.4767"
"2010-02";"M0";"EUR1";"1.4673"
"2010-03";"M0";"EUR1";"1.4484"
"2010-04";"M0";"EUR1";"1.4339"
"2010-05";"M0";"EUR1";"1.4199"
"2010-06";"M0";"EUR1";"1.3774"
"2010-07";"M0";"EUR1";"1.3471"
"2010-08";"M0";"EUR1";"1.3428"
"2010-09";"M0";"EUR1";"1.3085"
"2010-10";"M0";"EUR1";"1.3461"
"2010-11";"M0";"EUR1";"1.3445"
"2010-12";"M0";"EUR1";"1.2806"
"2011-01";"M0";"EUR1";"1.2779"
"2011-02";"M0";"EUR1";"1.2966"
"2011-03";"M0";"EUR1";"1.2879"
"2011-04";"M0";"EUR1";"1.2978"
"2011-05";"M0";"EUR1";"1.254"
"2011-06";"M0";"EUR1";"1.2093"
"2011-07";"M0";"EUR1";"1.1778"
"2011-08";"M0";"EUR1";"1.1205"
"2011-09";"M0";"EUR1";"1.201"
"2011-10";"M0";"EUR1";"1.2298"
"2011-11";"M0";"EUR1";"1.2315"
"2011-12";"M0";"EUR1";"1.2276"
"2012-01";"M0";"EUR1";"1.2111"
"2012-02";"M0";"EUR1";"1.2072"
"2012-03";"M0";"EUR1";"1.2063"
"2012-04";"M0";"EUR1";"1.2022"
"2012-05";"M0";"EUR1";"1.2012"
"2012-06";"M0";"EUR1";"1.201"
"2012-07";"M0";"EUR1";"1.201"
"2012-08";"M0";"EUR1";"1.2011"
"2012-09";"M0";"EUR1";"1.2089"
"2012-10";"M0";"EUR1";"1.2098"
"2012-11";"M0";"EUR1";"1.2052"
"2012-12";"M0";"EUR1";"1.2091"
"2013-01";"M0";"EUR1";"1.228"
"2013-02";"M0";"EUR1";"1.2298"
"2013-03";"M0";"EUR1";"1.2264"
"2013-04";"M0";"EUR1";"1.2198"
"2013-05";"M0";"EUR1";"1.2406"
"2013-06";"M0";"EUR1";"1.2326"
"2013-07";"M0";"EUR1";"1.2364"
"2013-08";"M0";"EUR1";"1.2334"
"2013-09";"M0";"EUR1";"1.2338"
"2013-10";"M0";"EUR1";"1.2314"
"2013-11";"M0";"EUR1";"1.2319"
"2013-12";"M0";"EUR1";"1.2249"
"2014-01";"M0";"EUR1";"1.2312"
"2014-02";"M0";"EUR1";"1.2213"
"2014-03";"M0";"EUR1";"1.2178"
"2014-04";"M0";"EUR1";"1.2191"
"2014-05";"M0";"EUR1";"1.2204"
"2014-06";"M0";"EUR1";"1.2181"
"2014-07";"M0";"EUR1";"1.215"
"2014-08";"M0";"EUR1";"1.2119"
"2014-09";"M0";"EUR1";"1.2077"
"2014-10";"M0";"EUR1";"1.2078"
"2014-11";"M0";"EUR1";"1.2026"
"2014-12";"M0";"EUR1";"1.2024"
"2015-01";"M0";"EUR1";"1.0983"
"2015-02";"M0";"EUR1";"1.0623"
"2015-03";"M0";"EUR1";"1.0609"
"2015-04";"M0";"EUR1";"1.0382"
"2015-05";"M0";"EUR1";"1.0398"
"2015-06";"M0";"EUR1";"1.0448"
"2015-07";"M0";"EUR1";"1.0488"
"2015-08";"M0";"EUR1";"1.0782"
"2015-09";"M0";"EUR1";"1.0918"
"2015-10";"M0";"EUR1";"1.0879"
"2015-11";"M0";"EUR1";"1.083"
"2015-12";"M0";"EUR1";"1.083"
"2016-01";"M0";"EUR1";"1.0932"
"2016-02";"M0";"EUR1";"1.1018"
"2016-03";"M0";"EUR1";"1.0921"
"2016-04";"M0";"EUR1";"1.0931"
"2016-05";"M0";"EUR1";"1.1054"
"2016-06";"M0";"EUR1";"1.0901"
"2016-07";"M0";"EUR1";"1.0867"
"2016-08";"M0";"EUR1";"1.0876"
"2016-09";"M0";"EUR1";"1.0922"
"2016-10";"M0";"EUR1";"1.0883"
"2016-11";"M0";"EUR1";"1.0759"
"2016-12";"M0";"EUR1";"1.0754"
"2017-01";"M0";"EUR1";"1.0713"
"2017-02";"M0";"EUR1";"1.0659"
"2017-03";"M0";"EUR1";"1.0706"
"2017-04";"M0";"EUR1";"1.0723"
"2017-05";"M0";"EUR1";"1.0897"
"2017-06";"M0";"EUR1";"1.0875"
"2017-07";"M0";"EUR1";"1.1054"
"2017-08";"M0";"EUR1";"1.1396"
"2017-09";"M0";"EUR1";"1.1468"
"2017-10";"M0";"EUR1";"1.1542"
"2017-11";"M0";"EUR1";"1.1643"
"2017-12";"M0";"EUR1";"1.169"
"2018-01";"M0";"EUR1";"1.1725"
"2018-02";"M0";"EUR1";"1.1544"
"2018-03";"M0";"EUR1";"1.1682"
"2018-04";"M0";"EUR1";"1.18815"
"2018-05";"M0";"EUR1";"1.17862"
"2018-06";"M0";"EUR1";"1.15552"
"2018-07";"M0";"EUR1";"1.16196"
"2018-08";"M0";"EUR1";"1.14049"
"2018-09";"M0";"EUR1";"1.12882"
"2018-10";"M0";"EUR1";"1.14121"
"2018-11";"M0";"EUR1";"1.13746"
"2018-12";"M0";"EUR1";"1.12961"
"2019-01";"M0";"EUR1";"1.12959"
"2019-02";"M0";"EUR1";"1.1366"
"2019-03";"M0";"EUR1";"1.13145"
"2019-04";"M0";"EUR1";"1.13157"
"2019-05";"M0";"EUR1";"1.13077"
"2019-06";"M0";"EUR1";"1.1165"
"2019-07";"M0";"EUR1";"1.10792"
"2019-08";"M0";"EUR1";"1.08933"
"2019-09";"M0";"EUR1";"1.09055"
"2019-10";"M0";"EUR1";"1.0979"
"2019-11";"M0";"EUR1";"1.09778"
"2019-12";"M0";"EUR1";"1.09305"
"2020-01";"M0";"EUR1";"1.07638"
"2020-02";"M0";"EUR1";"1.06504"
"2020-03";"M0";"EUR1";"1.05902"
"2020-04";"M0";"EUR1";"1.05442"
"2020-05";"M0";"EUR1";"1.05675"
"2020-06";"M0";"EUR1";"1.07173"
"2020-07";"M0";"EUR1";"1.07056"
"2020-08";"M0";"EUR1";"1.07678"
"2020-09";"M0";"EUR1";"1.07837"
"2020-10";"M0";"EUR1";"1.07399"
"2020-11";"M0";"EUR1";"1.07798"
"2020-12";"M0";"EUR1";"1.08156"
"2021-01";"M0";"EUR1";"1.07931"
"2021-02";"M0";"EUR1";"1.08554"
"2021-03";"M0";"EUR1";"1.10624"
"2021-04";"M0";"EUR1";"1.10326"
"2021-05";"M0";"EUR1";"1.09679"
"2021-06";"M0";"EUR1";"1.09398"
"2021-07";"M0";"EUR1";"1.0854"
"2021-08";"M0";"EUR1";"1.07602"
"2021-09";"M0";"EUR1";"1.08595"
"2021-10";"M0";"EUR1";"1.07137"
"2021-11";"M0";"EUR1";"1.05217"
"2021-12";"M0";"EUR1";"1.04078"
"2022-01";"M0";"EUR1";"1.04018"
"2022-02";"M0";"EUR1";"1.04611"
"2022-03";"M0";"EUR1";"1.02458"
"2022-04";"M0";"EUR1";"1.02172"
"2022-05";"M0";"EUR1";"1.03591"
"2022-06";"M0";"EUR1";"1.02495"
"2022-07";"M0";"EUR1";"0.98765"
"2022-08";"M0";"EUR1";"0.96899"
"2022-09";"M0";"EUR1";"0.96419"
"2022-10";"M0";"EUR1";"0.97899"
"2022-11";"M0";"EUR1";"0.9843"
"2022-12";"M0";"EUR1";"0.98654"
"2023-01";"M0";"EUR1";"0.99615"
"2023-02";"M0";"EUR1";"0.99045"
"2023-03";"M0";"EUR1";"0.99051"
"2023-04";"M0";"EUR1";"0.98479"
"2023-05";"M0";"EUR1";"0.97533"
"2023-06";"M0";"EUR1";"0.97602"
"2023-07";"M0";"EUR1";"0.9661"
"2023-08";"M0";"EUR1";"0.95835"
"2023-09";"M0";"EUR1";"0.95969"
"2023-10";"M0";"EUR1";"0.95518"
"2023-11";"M0";"EUR1";"0.96324"
"2023-12";"M0";"EUR1";"0.94415"
"2024-01";"M0";"EUR1";"0.93645"
"2024-02";"M0";"EUR1";"0.946"
"2024-03";"M0";"EUR1";"0.96527"
"2024-04";"M0";"EUR1";"0.97598"
"2024-05";"M0";"EUR1";"0.9828"
"2024-06";"M0";"EUR1";"0.9619"
"2024-07";"M0";"EUR1";"0.96782"
"2024-08";"M0";"EUR1";"0.94494"
"2024-09";"M0";"EUR1";"0.94101"
"2024-10";"M0";"EUR1";"0.93867"
"2024-11";"M0";"EUR1";"0.9354"
"2024-12";"M0";"EUR1";"0.93383"
"2025-01";"M0";"EUR1";"0.94162"
"2025-02";"M0";"EUR1";"0.94114"
"2025-03";"M0";"EUR1";"0.95488"
"2025-04";"M0";"EUR1";"0.93799"
"2025-05";"M0";"EUR1";"0.93578"
"2025-06";"M0";"EUR1";"0.93766"
"2025-07";"M0";"EUR1";"0.93245"
"2025-08";"M0";"EUR1";"0.93875"
"2025-09";"M0";"EUR1";"0.93483"
"2025-10";"M0";"EUR1";"0.92857"
"2025-11";"M0";"EUR1";"0.92887"
"2025-12";"M0";"EUR1";"0.93313"
"2026-01";"M0";"EUR1";"0.92732"
"2026-02";"M0";"EUR1";"0.91406"
"2026-03";"M0";"EUR1";"0.90912"
"2026-04";"M0";"EUR1";"0.92116"
"2026-05";"M0";"EUR1";"0.91503"
