"CubeId";"rendoblim"
"PublishingDate";"2025-09-01 14:29"

"Date";"D0";"Value"
"1988-01";"5J";"3.695"
"1988-01";"10J";"4.092"
"1988-02";"5J";"3.672"
"1988-02";"10J";"4.098"
"1988-03";"5J";"3.823"
"1988-03";"10J";"3.998"
"1988-04";"5J";"3.684"
"1988-04";"10J";"3.965"
"1988-05";"5J";"3.974"
"1988-05";"10J";"4.127"
"1988-06";"5J";"3.897"
"1988-06";"10J";"4.155"
"1988-07";"5J";"4.215"
"1988-07";"10J";"4.222"
"1988-08";"5J";"4.037"
"1988-08";"10J";"4.292"
"1988-09";"5J";"4.041"
"1988-09";"10J";"4.257"
"1988-10";"5J";"3.986"
"1988-10";"10J";"4.014"
"1988-11";"5J";"4.003"
"1988-11";"10J";"4.042"
"1988-12";"5J";"4.074"
"1988-12";"10J";"4.107"
"1989-01";"5J";"4.653"
"1989-01";"10J";"4.517"
"1989-02";"5J";"4.926"
"1989-02";"10J";"4.719"
"1989-03";"5J";"4.954"
"1989-03";"10J";"4.798"
"1989-04";"5J";"5.132"
"1989-04";"10J";"5.054"
"1989-05";"5J";"5.483"
"1989-05";"10J";"5.242"
"1989-06";"5J";"5.066"
"1989-06";"10J";"5.105"
"1989-07";"5J";"5.123"
"1989-07";"10J";"5.173"
"1989-08";"5J";"5.19"
"1989-08";"10J";"5.195"
"1989-09";"5J";"5.451"
"1989-09";"10J";"5.311"
"1989-10";"5J";"5.581"
"1989-10";"10J";"5.31"
"1989-11";"5J";"5.582"
"1989-11";"10J";"5.437"
"1989-12";"5J";"5.764"
"1989-12";"10J";"5.618"
"1990-01";"5J";"6.269"
"1990-01";"10J";"6.04"
"1990-02";"5J";"6.714"
"1990-02";"10J";"6.292"
"1990-03";"5J";"6.717"
"1990-03";"10J";"6.475"
"1990-04";"5J";"6.745"
"1990-04";"10J";"6.629"
"1990-05";"5J";"6.355"
"1990-05";"10J";"6.3"
"1990-06";"5J";"6.246"
"1990-06";"10J";"6.147"
"1990-07";"5J";"6.08"
"1990-07";"10J";"6.078"
"1990-08";"5J";"6.566"
"1990-08";"10J";"6.484"
"1990-09";"5J";"6.555"
"1990-09";"10J";"6.509"
"1990-10";"5J";"6.553"
"1990-10";"10J";"6.491"
"1990-11";"5J";"6.677"
"1990-11";"10J";"6.563"
"1990-12";"5J";"6.643"
"1990-12";"10J";"6.601"
"1991-01";"5J";"6.402"
"1991-01";"10J";"6.415"
"1991-02";"5J";"6.271"
"1991-02";"10J";"6.221"
"1991-03";"5J";"6.185"
"1991-03";"10J";"6.155"
"1991-04";"5J";"6.146"
"1991-04";"10J";"6.016"
"1991-05";"5J";"5.844"
"1991-05";"10J";"5.813"
"1991-06";"5J";"5.964"
"1991-06";"10J";"5.971"
"1991-07";"5J";"6.123"
"1991-07";"10J";"5.996"
"1991-08";"5J";"6.248"
"1991-08";"10J";"6.107"
"1991-09";"5J";"6.301"
"1991-09";"10J";"6.198"
"1991-10";"5J";"6.88"
"1991-10";"10J";"6.698"
"1991-11";"5J";"6.653"
"1991-11";"10J";"6.637"
"1991-12";"5J";"6.35"
"1991-12";"10J";"6.37"
"1992-01";"5J";"6.143"
"1992-01";"10J";"6.175"
"1992-02";"5J";"6.222"
"1992-02";"10J";"6.132"
"1992-03";"5J";"6.546"
"1992-03";"10J";"6.676"
"1992-04";"5J";"6.639"
"1992-04";"10J";"6.545"
"1992-05";"5J";"6.828"
"1992-05";"10J";"6.861"
"1992-06";"5J";"7.048"
"1992-06";"10J";"6.924"
"1992-07";"5J";"7.048"
"1992-07";"10J";"6.867"
"1992-08";"5J";"6.913"
"1992-08";"10J";"6.854"
"1992-09";"5J";"6.393"
"1992-09";"10J";"6.292"
"1992-10";"5J";"5.865"
"1992-10";"10J";"6.092"
"1992-11";"5J";"5.913"
"1992-11";"10J";"6.063"
"1992-12";"5J";"5.466"
"1992-12";"10J";"5.68"
"1993-01";"5J";"5.263"
"1993-01";"10J";"5.539"
"1993-02";"5J";"4.899"
"1993-02";"10J";"4.907"
"1993-03";"5J";"4.566"
"1993-03";"10J";"4.688"
"1993-04";"5J";"4.582"
"1993-04";"10J";"4.845"
"1993-05";"5J";"4.474"
"1993-05";"10J";"4.846"
"1993-06";"5J";"4.432"
"1993-06";"10J";"4.566"
"1993-07";"5J";"4.434"
"1993-07";"10J";"4.546"
"1993-08";"5J";"4.392"
"1993-08";"10J";"4.479"
"1993-09";"5J";"4.264"
"1993-09";"10J";"4.455"
"1993-10";"5J";"4.056"
"1993-10";"10J";"4.208"
"1993-11";"5J";"4.015"
"1993-11";"10J";"4.247"
"1993-12";"5J";"3.781"
"1993-12";"10J";"4.136"
"1994-01";"5J";"3.854"
"1994-01";"10J";"4.206"
"1994-02";"5J";"4.109"
"1994-02";"10J";"4.465"
"1994-03";"5J";"4.258"
"1994-03";"10J";"4.634"
"1994-04";"5J";"4.621"
"1994-04";"10J";"5.062"
"1994-05";"5J";"4.523"
"1994-05";"10J";"5.046"
"1994-06";"5J";"4.897"
"1994-06";"10J";"5.334"
"1994-07";"5J";"4.846"
"1994-07";"10J";"5.273"
"1994-08";"5J";"5.16"
"1994-08";"10J";"5.492"
"1994-09";"5J";"5.306"
"1994-09";"10J";"5.636"
"1994-10";"5J";"5.302"
"1994-10";"10J";"5.594"
"1994-11";"5J";"5.148"
"1994-11";"10J";"5.368"
"1994-12";"5J";"5.051"
"1994-12";"10J";"5.304"
"1995-01";"5J";"5.04"
"1995-01";"10J";"5.322"
"1995-02";"5J";"5.036"
"1995-02";"10J";"5.325"
"1995-03";"5J";"4.808"
"1995-03";"10J";"5.179"
"1995-04";"5J";"4.574"
"1995-04";"10J";"5.033"
"1995-05";"5J";"4.426"
"1995-05";"10J";"4.873"
"1995-06";"5J";"4.39"
"1995-06";"10J";"4.936"
"1995-07";"5J";"4.284"
"1995-07";"10J";"4.859"
"1995-08";"5J";"4.164"
"1995-08";"10J";"4.73"
"1995-09";"5J";"3.761"
"1995-09";"10J";"4.555"
"1995-10";"5J";"3.623"
"1995-10";"10J";"4.38"
"1995-11";"5J";"3.331"
"1995-11";"10J";"4.057"
"1995-12";"5J";"3.405"
"1995-12";"10J";"4.09"
"1996-01";"5J";"3.433"
"1996-01";"10J";"4.437"
"1996-02";"5J";"3.399"
"1996-02";"10J";"4.358"
"1996-03";"5J";"3.344"
"1996-03";"10J";"4.406"
"1996-04";"5J";"3.228"
"1996-04";"10J";"4.329"
"1996-05";"5J";"3.762"
"1996-05";"10J";"4.682"
"1996-06";"5J";"3.813"
"1996-06";"10J";"4.627"
"1996-07";"5J";"3.695"
"1996-07";"10J";"4.561"
"1996-08";"5J";"3.527"
"1996-08";"10J";"4.467"
"1996-09";"5J";"3.237"
"1996-09";"10J";"4.256"
"1996-10";"5J";"3.084"
"1996-10";"10J";"4.166"
"1996-11";"5J";"3.211"
"1996-11";"10J";"4.191"
"1996-12";"5J";"3.056"
"1996-12";"10J";"4.125"
"1997-01";"5J";"2.922"
"1997-01";"10J";"3.959"
"1997-02";"5J";"2.501"
"1997-02";"10J";"3.517"
"1997-03";"5J";"2.811"
"1997-03";"10J";"3.853"
"1997-04";"5J";"2.688"
"1997-04";"10J";"3.769"
"1997-05";"5J";"2.547"
"1997-05";"10J";"3.586"
"1997-06";"5J";"2.484"
"1997-06";"10J";"3.522"
"1997-07";"5J";"2.582"
"1997-07";"10J";"3.585"
"1997-08";"5J";"2.74"
"1997-08";"10J";"3.692"
"1997-09";"5J";"2.822"
"1997-09";"10J";"3.704"
"1997-10";"5J";"2.948"
"1997-10";"10J";"3.719"
"1997-11";"5J";"2.879"
"1997-11";"10J";"3.692"
"1997-12";"5J";"2.614"
"1997-12";"10J";"3.445"
"1998-01";"5J";"2.256"
"1998-01";"10J";"3.084"
"1998-02";"5J";"2.084"
"1998-02";"10J";"2.964"
"1998-03";"5J";"2.313"
"1998-03";"10J";"3.109"
"1998-04";"5J";"2.585"
"1998-04";"10J";"3.344"
"1998-05";"5J";"2.461"
"1998-05";"10J";"3.179"
"1998-06";"5J";"2.608"
"1998-06";"10J";"3.308"
"1998-07";"5J";"2.499"
"1998-07";"10J";"3.19"
"1998-08";"5J";"2.25"
"1998-08";"10J";"2.988"
"1998-09";"5J";"2.115"
"1998-09";"10J";"3.086"
"1998-10";"5J";"1.934"
"1998-10";"10J";"2.914"
"1998-11";"5J";"1.935"
"1998-11";"10J";"2.659"
"1998-12";"5J";"1.946"
"1998-12";"10J";"2.71"
"1999-01";"5J";"1.831"
"1999-01";"10J";"2.555"
"1999-02";"5J";"1.854"
"1999-02";"10J";"2.55"
"1999-03";"5J";"1.875"
"1999-03";"10J";"2.604"
"1999-04";"5J";"1.819"
"1999-04";"10J";"2.534"
"1999-05";"5J";"1.976"
"1999-05";"10J";"2.72"
"1999-06";"5J";"2.398"
"1999-06";"10J";"2.937"
"1999-07";"5J";"2.528"
"1999-07";"10J";"3.044"
"1999-08";"5J";"2.708"
"1999-08";"10J";"3.169"
"1999-09";"5J";"2.944"
"1999-09";"10J";"3.427"
"1999-10";"5J";"3.196"
"1999-10";"10J";"3.625"
"1999-11";"5J";"3.083"
"1999-11";"10J";"3.69"
"1999-12";"5J";"2.986"
"1999-12";"10J";"3.617"
"2000-01";"5J";"3.302"
"2000-01";"10J";"3.784"
"2000-02";"5J";"3.45"
"2000-02";"10J";"3.868"
"2000-03";"5J";"3.729"
"2000-03";"10J";"4.155"
"2000-04";"5J";"3.849"
"2000-04";"10J";"4.076"
"2000-05";"5J";"3.931"
"2000-05";"10J";"4.19"
"2000-06";"5J";"3.799"
"2000-06";"10J";"4.008"
"2000-07";"5J";"3.841"
"2000-07";"10J";"3.976"
"2000-08";"5J";"3.684"
"2000-08";"10J";"3.84"
"2000-09";"5J";"3.702"
"2000-09";"10J";"3.954"
"2000-10";"5J";"3.672"
"2000-10";"10J";"3.927"
"2000-11";"5J";"3.583"
"2000-11";"10J";"3.771"
"2000-12";"5J";"3.271"
"2000-12";"10J";"3.552"
"2001-01";"5J";"3.193"
"2001-01";"10J";"3.497"
"2001-02";"5J";"3.169"
"2001-02";"10J";"3.492"
"2001-03";"5J";"3.044"
"2001-03";"10J";"3.327"
"2001-04";"5J";"3.239"
"2001-04";"10J";"3.529"
"2001-05";"5J";"3.262"
"2001-05";"10J";"3.556"
"2001-06";"5J";"3.127"
"2001-06";"10J";"3.383"
"2001-07";"5J";"3.067"
"2001-07";"10J";"3.357"
"2001-08";"5J";"3.003"
"2001-08";"10J";"3.317"
"2001-09";"5J";"2.824"
"2001-09";"10J";"3.302"
"2001-10";"5J";"2.535"
"2001-10";"10J";"3.005"
"2001-11";"5J";"2.792"
"2001-11";"10J";"3.261"
"2001-12";"5J";"3.089"
"2001-12";"10J";"3.555"
"2002-01";"5J";"3.225"
"2002-01";"10J";"3.59"
"2002-02";"5J";"3.13"
"2002-02";"10J";"3.61"
"2002-03";"5J";"3.227"
"2002-03";"10J";"3.636"
"2002-04";"5J";"3.035"
"2002-04";"10J";"3.528"
"2002-05";"5J";"2.915"
"2002-05";"10J";"3.465"
"2002-06";"5J";"2.727"
"2002-06";"10J";"3.299"
"2002-07";"5J";"2.494"
"2002-07";"10J";"3.248"
"2002-08";"5J";"2.368"
"2002-08";"10J";"3.192"
"2002-09";"5J";"1.989"
"2002-09";"10J";"2.761"
"2002-10";"5J";"1.994"
"2002-10";"10J";"2.863"
"2002-11";"5J";"1.966"
"2002-11";"10J";"2.799"
"2002-12";"5J";"1.547"
"2002-12";"10J";"2.396"
"2003-01";"5J";"1.538"
"2003-01";"10J";"2.396"
"2003-02";"5J";"1.442"
"2003-02";"10J";"2.375"
"2003-03";"5J";"1.59"
"2003-03";"10J";"2.537"
"2003-04";"5J";"1.738"
"2003-04";"10J";"2.659"
"2003-05";"5J";"1.425"
"2003-05";"10J";"2.358"
"2003-06";"5J";"1.609"
"2003-06";"10J";"2.607"
"2003-07";"5J";"1.715"
"2003-07";"10J";"2.666"
"2003-08";"5J";"1.963"
"2003-08";"10J";"2.875"
"2003-09";"5J";"1.813"
"2003-09";"10J";"2.777"
"2003-10";"5J";"2.017"
"2003-10";"10J";"2.882"
"2003-11";"5J";"2.179"
"2003-11";"10J";"2.993"
"2003-12";"5J";"2.003"
"2003-12";"10J";"2.78"
"2004-01";"5J";"1.877"
"2004-01";"10J";"2.852"
"2004-02";"5J";"1.67"
"2004-02";"10J";"2.681"
"2004-03";"5J";"1.688"
"2004-03";"10J";"2.632"
"2004-04";"5J";"2.046"
"2004-04";"10J";"2.809"
"2004-05";"5J";"2.164"
"2004-05";"10J";"2.888"
"2004-06";"5J";"2.361"
"2004-06";"10J";"3.04"
"2004-07";"5J";"2.242"
"2004-07";"10J";"2.957"
"2004-08";"5J";"2.019"
"2004-08";"10J";"2.825"
"2004-09";"5J";"2.06"
"2004-09";"10J";"2.75"
"2004-10";"5J";"1.86"
"2004-10";"10J";"2.623"
"2004-11";"5J";"1.771"
"2004-11";"10J";"2.443"
"2004-12";"5J";"1.749"
"2004-12";"10J";"2.382"
"2005-01";"5J";"1.618"
"2005-01";"10J";"2.249"
"2005-02";"5J";"1.736"
"2005-02";"10J";"2.381"
"2005-03";"5J";"1.687"
"2005-03";"10J";"2.355"
"2005-04";"5J";"1.471"
"2005-04";"10J";"2.074"
"2005-05";"5J";"1.431"
"2005-05";"10J";"2.014"
"2005-06";"5J";"1.411"
"2005-06";"10J";"1.999"
"2005-07";"5J";"1.454"
"2005-07";"10J";"1.955"
"2005-08";"5J";"1.432"
"2005-08";"10J";"1.928"
"2005-09";"5J";"1.584"
"2005-09";"10J";"1.95"
"2005-10";"5J";"1.886"
"2005-10";"10J";"2.097"
"2005-11";"5J";"1.929"
"2005-11";"10J";"2.184"
"2005-12";"5J";"1.807"
"2005-12";"10J";"1.96"
"2006-01";"5J";"1.956"
"2006-01";"10J";"2.153"
"2006-02";"5J";"1.981"
"2006-02";"10J";"2.252"
"2006-03";"5J";"2.213"
"2006-03";"10J";"2.517"
"2006-04";"5J";"2.429"
"2006-04";"10J";"2.752"
"2006-05";"5J";"2.359"
"2006-05";"10J";"2.7"
"2006-06";"5J";"2.554"
"2006-06";"10J";"2.848"
"2006-07";"5J";"2.475"
"2006-07";"10J";"2.742"
"2006-08";"5J";"2.34"
"2006-08";"10J";"2.547"
"2006-09";"5J";"2.277"
"2006-09";"10J";"2.369"
"2006-10";"5J";"2.339"
"2006-10";"10J";"2.495"
"2006-11";"5J";"2.257"
"2006-11";"10J";"2.341"
"2006-12";"5J";"2.469"
"2006-12";"10J";"2.489"
"2007-01";"5J";"2.551"
"2007-01";"10J";"2.619"
"2007-02";"5J";"2.434"
"2007-02";"10J";"2.556"
"2007-03";"5J";"2.515"
"2007-03";"10J";"2.702"
"2007-04";"5J";"2.652"
"2007-04";"10J";"2.801"
"2007-05";"5J";"2.923"
"2007-05";"10J";"3.032"
"2007-06";"5J";"2.996"
"2007-06";"10J";"3.194"
"2007-07";"5J";"2.948"
"2007-07";"10J";"3.108"
"2007-08";"5J";"2.733"
"2007-08";"10J";"3.049"
"2007-09";"5J";"2.668"
"2007-09";"10J";"3.056"
"2007-10";"5J";"2.665"
"2007-10";"10J";"2.987"
"2007-11";"5J";"2.537"
"2007-11";"10J";"2.906"
"2007-12";"5J";"2.781"
"2007-12";"10J";"3.111"
"2008-01";"5J";"2.425"
"2008-01";"10J";"2.939"
"2008-02";"5J";"2.583"
"2008-02";"10J";"3.059"
"2008-03";"5J";"2.523"
"2008-03";"10J";"3.033"
"2008-04";"5J";"2.793"
"2008-04";"10J";"3.242"
"2008-05";"5J";"2.945"
"2008-05";"10J";"3.284"
"2008-06";"5J";"3.052"
"2008-06";"10J";"3.29"
"2008-07";"5J";"2.858"
"2008-07";"10J";"3.166"
"2008-08";"5J";"2.522"
"2008-08";"10J";"2.942"
"2008-09";"5J";"1.916"
"2008-09";"10J";"2.669"
"2008-10";"5J";"2.013"
"2008-10";"10J";"2.764"
"2008-11";"5J";"1.776"
"2008-11";"10J";"2.226"
"2008-12";"5J";"1.541"
"2008-12";"10J";"2.148"
"2009-01";"5J";"1.398"
"2009-01";"10J";"2.221"
"2009-02";"5J";"1.404"
"2009-02";"10J";"2.174"
"2009-03";"5J";"1.406"
"2009-03";"10J";"2.175"
"2009-04";"5J";"1.4"
"2009-04";"10J";"2.196"
"2009-05";"5J";"1.585"
"2009-05";"10J";"2.536"
"2009-06";"5J";"1.547"
"2009-06";"10J";"2.478"
"2009-07";"5J";"1.304"
"2009-07";"10J";"2.192"
"2009-08";"5J";"1.225"
"2009-08";"10J";"2.124"
"2009-09";"5J";"1.325"
"2009-09";"10J";"2.155"
"2009-10";"5J";"1.38"
"2009-10";"10J";"2.207"
"2009-11";"5J";"1.213"
"2009-11";"10J";"2.002"
"2009-12";"5J";"1.239"
"2009-12";"10J";"1.972"
"2010-01";"5J";"1.214"
"2010-01";"10J";"2.01"
"2010-02";"5J";"1.073"
"2010-02";"10J";"1.931"
"2010-03";"5J";"1.138"
"2010-03";"10J";"1.941"
"2010-04";"5J";"1.108"
"2010-04";"10J";"1.865"
"2010-05";"5J";"0.88"
"2010-05";"10J";"1.573"
"2010-06";"5J";"0.87"
"2010-06";"10J";"1.509"
"2010-07";"5J";"0.863"
"2010-07";"10J";"1.5"
"2010-08";"5J";"0.656"
"2010-08";"10J";"1.192"
"2010-09";"5J";"0.809"
"2010-09";"10J";"1.372"
"2010-10";"5J";"0.937"
"2010-10";"10J";"1.458"
"2010-11";"5J";"0.957"
"2010-11";"10J";"1.558"
"2010-12";"5J";"1.09"
"2010-12";"10J";"1.674"
"2011-01";"5J";"1.229"
"2011-01";"10J";"1.818"
"2011-02";"5J";"1.254"
"2011-02";"10J";"1.897"
"2011-03";"5J";"1.346"
"2011-03";"10J";"1.931"
"2011-04";"5J";"1.419"
"2011-04";"10J";"2.083"
"2011-05";"5J";"1.205"
"2011-05";"10J";"1.849"
"2011-06";"5J";"0.995"
"2011-06";"10J";"1.739"
"2011-07";"5J";"0.736"
"2011-07";"10J";"1.436"
"2011-08";"5J";"0.572"
"2011-08";"10J";"1.133"
"2011-09";"5J";"0.393"
"2011-09";"10J";"1.003"
"2011-10";"5J";"0.423"
"2011-10";"10J";"1.082"
"2011-11";"5J";"0.326"
"2011-11";"10J";"0.945"
"2011-12";"5J";"0.199"
"2011-12";"10J";"0.74"
"2012-01";"5J";"0.249"
"2012-01";"10J";"0.735"
"2012-02";"5J";"0.192"
"2012-02";"10J";"0.72"
"2012-03";"5J";"0.313"
"2012-03";"10J";"0.854"
"2012-04";"5J";"0.211"
"2012-04";"10J";"0.735"
"2012-05";"5J";"0.067"
"2012-05";"10J";"0.61"
"2012-06";"5J";"0.069"
"2012-06";"10J";"0.678"
"2012-07";"5J";"-0.043"
"2012-07";"10J";"0.561"
"2012-08";"5J";"-0.05"
"2012-08";"10J";"0.569"
"2012-09";"5J";"0.043"
"2012-09";"10J";"0.599"
"2012-10";"5J";"0.034"
"2012-10";"10J";"0.597"
"2012-11";"5J";"-0.016"
"2012-11";"10J";"0.53"
"2012-12";"5J";"0.017"
"2012-12";"10J";"0.557"
"2013-01";"5J";"0.282"
"2013-01";"10J";"0.789"
"2013-02";"5J";"0.167"
"2013-02";"10J";"0.721"
"2013-03";"5J";"0.145"
"2013-03";"10J";"0.747"
"2013-04";"5J";"0.048"
"2013-04";"10J";"0.612"
"2013-05";"5J";"0.176"
"2013-05";"10J";"0.76"
"2013-06";"5J";"0.407"
"2013-06";"10J";"1.06"
"2013-07";"5J";"0.4"
"2013-07";"10J";"1.097"
"2013-08";"5J";"0.42"
"2013-08";"10J";"1.142"
"2013-09";"5J";"0.362"
"2013-09";"10J";"1.11"
"2013-10";"5J";"0.328"
"2013-10";"10J";"1.07"
"2013-11";"5J";"0.266"
"2013-11";"10J";"1.031"
"2013-12";"5J";"0.419"
"2013-12";"10J";"1.253"
"2014-01";"5J";"0.196"
"2014-01";"10J";"0.983"
"2014-02";"5J";"0.206"
"2014-02";"10J";"0.951"
"2014-03";"5J";"0.227"
"2014-03";"10J";"0.955"
"2014-04";"5J";"0.174"
"2014-04";"10J";"0.86"
"2014-05";"5J";"0.114"
"2014-05";"10J";"0.77"
"2014-06";"5J";"0.117"
"2014-06";"10J";"0.714"
"2014-07";"5J";"0.082"
"2014-07";"10J";"0.616"
"2014-08";"5J";"0.073"
"2014-08";"10J";"0.529"
"2014-09";"5J";"0.069"
"2014-09";"10J";"0.589"
"2014-10";"5J";"0.082"
"2014-10";"10J";"0.558"
"2014-11";"5J";"-0.016"
"2014-11";"10J";"0.413"
"2014-12";"5J";"-0.092"
"2014-12";"10J";"0.375"
"2015-01";"5J";"-0.541"
"2015-01";"10J";"-0.067"
"2015-02";"5J";"-0.48"
"2015-02";"10J";"0.015"
"2015-03";"5J";"-0.475"
"2015-03";"10J";"-0.001"
"2015-04";"5J";"-0.417"
"2015-04";"10J";"0.04"
"2015-05";"5J";"-0.525"
"2015-05";"10J";"-0.031"
"2015-06";"5J";"-0.523"
"2015-06";"10J";"0.101"
"2015-07";"5J";"-0.545"
"2015-07";"10J";"-0.035"
"2015-08";"5J";"-0.555"
"2015-08";"10J";"-0.124"
"2015-09";"5J";"-0.577"
"2015-09";"10J";"-0.1"
"2015-10";"5J";"-0.739"
"2015-10";"10J";"-0.272"
"2015-11";"5J";"-0.875"
"2015-11";"10J";"-0.311"
"2015-12";"5J";"-0.533"
"2015-12";"10J";"-0.039"
"2016-01";"5J";"-0.729"
"2016-01";"10J";"-0.299"
"2016-02";"5J";"-0.9"
"2016-02";"10J";"-0.453"
"2016-03";"5J";"-0.74"
"2016-03";"10J";"-0.387"
"2016-04";"5J";"-0.745"
"2016-04";"10J";"-0.245"
"2016-05";"5J";"-0.758"
"2016-05";"10J";"-0.298"
"2016-06";"5J";"-0.982"
"2016-06";"10J";"-0.508"
"2016-07";"5J";"-0.92"
"2016-07";"10J";"-0.543"
"2016-08";"5J";"-0.822"
"2016-08";"10J";"-0.462"
"2016-09";"5J";"-0.881"
"2016-09";"10J";"-0.522"
"2016-10";"5J";"-0.777"
"2016-10";"10J";"-0.362"
"2016-11";"5J";"-0.65"
"2016-11";"10J";"-0.13"
"2016-12";"5J";"-0.655"
"2016-12";"10J";"-0.135"
"2017-01";"5J";"-0.626"
"2017-01";"10J";"-0.072"
"2017-02";"5J";"-0.752"
"2017-02";"10J";"-0.213"
"2017-03";"5J";"-0.594"
"2017-03";"10J";"-0.1"
"2017-04";"5J";"-0.589"
"2017-04";"10J";"-0.096"
"2017-05";"5J";"-0.659"
"2017-05";"10J";"-0.145"
"2017-06";"5J";"-0.5"
"2017-06";"10J";"-0.025"
"2017-07";"5J";"-0.419"
"2017-07";"10J";"0.06"
"2017-08";"5J";"-0.581"
"2017-08";"10J";"-0.114"
"2017-09";"5J";"-0.488"
"2017-09";"10J";"0.017"
"2017-10";"5J";"-0.524"
"2017-10";"10J";"-0.029"
"2017-11";"5J";"-0.507"
"2017-11";"10J";"-0.053"
"2017-12";"5J";"-0.519"
"2017-12";"10J";"-0.095"
"2018-01";"5J";"-0.426"
"2018-01";"10J";"0.103"
"2018-02";"5J";"-0.474"
"2018-02";"10J";"0.116"
"2018-03";"5J";"-0.529"
"2018-03";"10J";"0.054"
"2018-04";"5J";"-0.423"
"2018-04";"10J";"0.12"
"2018-05";"5J";"-0.562"
"2018-05";"10J";"-0.008"
"2018-06";"5J";"-0.512"
"2018-06";"10J";"-0.012"
"2018-07";"5J";"-0.4"
"2018-07";"10J";"0.042"
"2018-08";"5J";"-0.483"
"2018-08";"10J";"-0.032"
"2018-09";"5J";"-0.351"
"2018-09";"10J";"0.113"
"2018-10";"5J";"-0.412"
"2018-10";"10J";"0.071"
"2018-11";"5J";"-0.5"
"2018-11";"10J";"-0.015"
"2018-12";"5J";"-0.6"
"2018-12";"10J";"-0.154"
"2019-01";"5J";"-0.625"
"2019-01";"10J";"-0.21"
"2019-02";"5J";"-0.632"
"2019-02";"10J";"-0.236"
"2019-03";"5J";"-0.745"
"2019-03";"10J";"-0.352"
"2019-04";"5J";"-0.684"
"2019-04";"10J";"-0.267"
"2019-05";"5J";"-0.836"
"2019-05";"10J";"-0.445"
"2019-06";"5J";"-0.88"
"2019-06";"10J";"-0.482"
"2019-07";"5J";"-1.006"
"2019-07";"10J";"-0.654"
"2019-08";"5J";"-1.158"
"2019-08";"10J";"-0.975"
"2019-09";"5J";"-0.904"
"2019-09";"10J";"-0.7"
"2019-10";"5J";"-0.746"
"2019-10";"10J";"-0.511"
"2019-11";"5J";"-0.782"
"2019-11";"10J";"-0.58"
"2019-12";"5J";"-0.682"
"2019-12";"10J";"-0.456"
"2020-01";"5J";"-0.84"
"2020-01";"10J";"-0.698"
"2020-02";"5J";"-0.936"
"2020-02";"10J";"-0.832"
"2020-03";"5J";"-0.573"
"2020-03";"10J";"-0.368"
"2020-04";"5J";"-0.669"
"2020-04";"10J";"-0.487"
"2020-05";"5J";"-0.634"
"2020-05";"10J";"-0.471"
"2020-06";"5J";"-0.622"
"2020-06";"10J";"-0.439"
"2020-07";"5J";"-0.708"
"2020-07";"10J";"-0.529"
"2020-08";"5J";"-0.661"
"2020-08";"10J";"-0.41"
"2020-09";"5J";"-0.727"
"2020-09";"10J";"-0.5"
"2020-10";"5J";"-0.736"
"2020-10";"10J";"-0.518"
"2020-11";"5J";"-0.687"
"2020-11";"10J";"-0.509"
"2020-12";"5J";"-0.722"
"2020-12";"10J";"-0.525"
"2021-01";"5J";"-0.686"
"2021-01";"10J";"-0.454"
"2021-02";"5J";"-0.568"
"2021-02";"10J";"-0.229"
"2021-03";"5J";"-0.606"
"2021-03";"10J";"-0.267"
"2021-04";"5J";"-0.571"
"2021-04";"10J";"-0.21"
"2021-05";"5J";"-0.532"
"2021-05";"10J";"-0.134"
"2021-06";"5J";"-0.555"
"2021-06";"10J";"-0.2"
"2021-07";"5J";"-0.665"
"2021-07";"10J";"-0.373"
"2021-08";"5J";"-0.633"
"2021-08";"10J";"-0.347"
"2021-09";"5J";"-0.494"
"2021-09";"10J";"-0.166"
"2021-10";"5J";"-0.297"
"2021-10";"10J";"-0.046"
"2021-11";"5J";"-0.52"
"2021-11";"10J";"-0.234"
"2021-12";"5J";"-0.4"
"2021-12";"10J";"-0.127"
"2022-01";"5J";"-0.225"
"2022-01";"10J";"0.045"
"2022-02";"5J";"-0.047"
"2022-02";"10J";"0.263"
"2022-03";"5J";"0.313"
"2022-03";"10J";"0.677"
"2022-04";"5J";"0.431"
"2022-04";"10J";"0.824"
"2022-05";"5J";"0.353"
"2022-05";"10J";"0.779"
"2022-06";"5J";"0.633"
"2022-06";"10J";"1.149"
"2022-07";"5J";"0.148"
"2022-07";"10J";"0.52"
"2022-08";"5J";"0.66"
"2022-08";"10J";"0.786"
"2022-09";"5J";"0.932"
"2022-09";"10J";"1.163"
"2022-10";"5J";"0.812"
"2022-10";"10J";"1.12"
"2022-11";"5J";"0.95"
"2022-11";"10J";"1.055"
"2022-12";"5J";"1.424"
"2022-12";"10J";"1.565"
"2023-01";"5J";"1.105"
"2023-01";"10J";"1.257"
"2023-02";"5J";"1.345"
"2023-02";"10J";"1.446"
"2023-03";"5J";"1.166"
"2023-03";"10J";"1.227"
"2023-04";"5J";"0.98"
"2023-04";"10J";"1.08"
"2023-05";"5J";"0.775"
"2023-05";"10J";"0.848"
"2023-06";"5J";"1.009"
"2023-06";"10J";"0.966"
"2023-07";"5J";"0.997"
"2023-07";"10J";"0.979"
"2023-08";"5J";"0.961"
"2023-08";"10J";"0.952"
"2023-09";"5J";"1.071"
"2023-09";"10J";"1.087"
"2023-10";"5J";"0.952"
"2023-10";"10J";"1.046"
"2023-11";"5J";"0.843"
"2023-11";"10J";"0.822"
"2023-12";"5J";"0.714"
"2023-12";"10J";"0.656"
"2024-01";"5J";"0.781"
"2024-01";"10J";"0.83"
"2024-02";"5J";"0.841"
"2024-02";"10J";"0.828"
"2024-03";"5J";"0.691"
"2024-03";"10J";"0.639"
"2024-04";"5J";"0.751"
"2024-04";"10J";"0.693"
"2024-05";"5J";"0.994"
"2024-05";"10J";"0.915"
"2024-06";"5J";"0.587"
"2024-06";"10J";"0.559"
"2024-07";"5J";"0.466"
"2024-07";"10J";"0.45"
"2024-08";"5J";"0.438"
"2024-08";"10J";"0.451"
"2024-09";"5J";"0.342"
"2024-09";"10J";"0.41"
"2024-10";"5J";"0.336"
"2024-10";"10J";"0.451"
"2024-11";"5J";"0.15"
"2024-11";"10J";"0.289"
"2024-12";"5J";"0.121"
"2024-12";"10J";"0.317"
"2025-01";"5J";"0.218"
"2025-01";"10J";"0.383"
"2025-02";"5J";"0.255"
"2025-02";"10J";"0.396"
"2025-03";"5J";"0.279"
"2025-03";"10J";"0.514"
"2025-04";"5J";"0.054"
"2025-04";"10J";"0.326"
"2025-05";"5J";"-0.067"
"2025-05";"10J";"0.259"
"2025-06";"5J";"0.106"
"2025-06";"10J";"0.41"
"2025-07";"5J";"0.078"
"2025-07";"10J";"0.378"
