date,ch.kof.consensus.q_qn_10yyield_12m.mean,ch.kof.consensus.q_qn_10yyield_3m.mean,ch.kof.consensus.q_qn_3minterest_12m.mean,ch.kof.consensus.q_qn_3minterest_3m.mean,ch.kof.consensus.q_qn_eurchf_12m.mean,ch.kof.consensus.q_qn_eurchf_3m.mean,ch.kof.consensus.q_qn_exports_cy.mean,ch.kof.consensus.q_qn_exports_ny.mean,ch.kof.consensus.q_qn_investbau_cy.mean,ch.kof.consensus.q_qn_investbau_ny.mean,ch.kof.consensus.q_qn_invest_cy.mean,ch.kof.consensus.q_qn_investequ_cy.mean,ch.kof.consensus.q_qn_investequ_ny.mean,ch.kof.consensus.q_qn_invest_ny.mean,ch.kof.consensus.q_qn_prices_5y.mean,ch.kof.consensus.q_qn_prices_cy.mean,ch.kof.consensus.q_qn_prices_ny.mean,ch.kof.consensus.q_qn_realgdp_5y.mean,ch.kof.consensus.q_qn_realgdp_cy.mean,ch.kof.consensus.q_qn_realgdp_ny.mean,ch.kof.consensus.q_qn_realgdpspea_5y.mean,ch.kof.consensus.q_qn_realgdpspea_cy.mean,ch.kof.consensus.q_qn_realgdpspea_ny.mean,ch.kof.consensus.q_qn_spi_12m.mean,ch.kof.consensus.q_qn_spi_3m.mean,ch.kof.consensus.q_qn_unemp_5y.mean,ch.kof.consensus.q_qn_unemp_cy.mean,ch.kof.consensus.q_qn_unemp_ny.mean,ch.kof.consensus.q_qn_usdchf_12m.mean,ch.kof.consensus.q_qn_usdchf_3m.mean
Jan 2001,3.64473684210526,3.41578947368421,3.275,3.24605263157895,1.54444444444444,1.54416666666667,4.85555555555556,4.85,NA,NA,4.38333333333333,NA,NA,4.3,NA,1.38421052631579,1.48947368421053,NA,2.14210526315789,2.17368421052632,NA,NA,NA,5365.94117647059,5086.29411764706,NA,1.85,1.83333333333333,1.58342105263158,1.62447368421053
Apr 2001,3.725,3.51,3.1725,3.1225,1.54786315789474,1.53406842105263,4.77142857142857,4.95238095238095,NA,NA,4.04761904761905,NA,NA,4.23333333333333,NA,1.47727272727273,1.55454545454545,NA,2.03636363636364,2.18636363636364,NA,NA,NA,5676.47058823529,5329.41176470588,NA,1.75909090909091,1.75909090909091,1.65684210526316,1.73610526315789
Jul 2001,3.415625,3.2125,2.753125,2.528125,1.5025,1.4875,2.29375,3.325,NA,NA,2.44705882352941,NA,NA,2.3,NA,1.24444444444444,1.36111111111111,NA,1.72222222222222,1.63333333333333,NA,NA,NA,4550,4125.38461538462,NA,1.8,2.02777777777778,1.591875,1.593125
Okt 2001,3.465,3.15714285714286,2.1775,1.8,1.5075,1.48571428571429,1.145,3.70952380952381,NA,NA,1.08095238095238,NA,NA,3.00952380952381,NA,0.985714285714286,1.43333333333333,NA,1.10952380952381,1.9952380952381,NA,NA,NA,4655.23529411765,4208.45,NA,2.17380952380952,2.03333333333333,1.6095,1.62809523809524
Jan 2002,3.76521739130435,3.51304347826087,2.28478260869565,1.75,1.49065217391304,1.47891304347826,1.89384553566667,4.9875,NA,NA,1.74975681431818,NA,NA,3.36521739130435,NA,0.884,1.35,NA,1.188,2.176,NA,NA,NA,4830.63636363636,4561,NA,2.328,2.12083333333333,1.62782608695652,1.67086956521739
Apr 2002,3.75,3.4125,2.266,1.4504,1.4896,1.47333333333333,0.577442574521739,4.82083333333333,NA,NA,-1.54739420379167,NA,NA,3.80416666666667,NA,0.833333333333333,1.356,NA,1.068,2.052,NA,NA,NA,4680.04347826087,4486.47058823529,NA,2.35930435684,2.172,1.552,1.56166666666667
Jul 2002,3.27894736842105,2.95263157894737,1.4,0.792105263157895,1.46588235294118,1.46777777777778,0.125012808333333,4.07777777777778,NA,NA,-4.525,NA,NA,2.44444444444444,NA,0.58,0.905,NA,0.2784633599,1.47,NA,NA,NA,4072.3125,3723.3125,NA,2.665,2.84210526315789,1.48055555555556,1.48666666666667
Okt 2002,3.20882352941176,2.66777777777778,1.28235294117647,0.755555555555556,1.48058823529412,1.46735294117647,3.43707116990476,4.87222222222222,NA,NA,1.80950265414286,NA,NA,4.15,NA,0.837107587285714,1.42105263157895,NA,1.06102723257143,1.92631578947368,NA,NA,NA,3883.69230769231,3548.53846153846,NA,3.20480738095238,2.88333333333333,1.45941176470588,1.45588235294118
Jan 2003,2.77142857142857,2.35,0.833333333333333,0.385714285714286,1.485,1.47475,2.64724298490909,4.36848097886364,NA,NA,-0.140909090909091,NA,NA,3.31818181818182,NA,0.756521739130435,1.23478260869565,NA,0.663636363636364,1.56521739130435,NA,NA,NA,3571.17647058824,3321.29411764706,NA,3.72608695652174,3.35652173913043,1.411,1.39
Apr 2003,2.8,2.40434782608696,0.730434782608696,0.349130434782609,1.51428571428571,1.535,0.408695652173913,3.63636363636364,NA,NA,-2.01739130434783,NA,NA,1.81904761904762,NA,0.604166666666667,0.777083333333333,NA,-0.0166666666666667,1.20833333333333,NA,NA,NA,3827.52631578947,3593.21052631579,NA,3.95,3.78260869565217,1.31619047619048,1.31023112481818
Jul 2003,3.11,2.71666666666667,0.693333333333333,0.294,1.527,1.547,-0.16875,3.25333333333333,NA,NA,-1.975,NA,NA,1.90666666666667,NA,0.725,0.925,NA,-0.28125,1.275,NA,NA,NA,4191.25,3886.66666666667,NA,3.825,3.9,1.35533333333333,1.37533333333333
Okt 2003,3.29210526315789,2.91842105263158,0.986842105263158,0.364210526315789,1.53555555555556,1.55138888888889,0.0722222222222222,3.45555555555556,NA,NA,-1.31764705882353,NA,NA,2.03333333333333,NA,0.636842105263158,0.863157894736842,NA,-0.183333333333333,1.45263157894737,NA,NA,NA,4128.6,3924.6,NA,3.79473684210526,3.76842105263158,1.29894736842105,1.29842105263158
Jan 2004,3.15294117647059,2.70588235294118,0.941176470588235,0.35,1.52058823529412,1.56411764705882,3.9875,4.60625,NA,NA,2.25882352941176,NA,NA,3.1,NA,0.45,1.17222222222222,NA,1.51111111111111,1.94444444444444,NA,NA,NA,4506.38461538462,4311.5,NA,3.77058823529412,3.24117647058824,1.27117647058824,1.24470588235294
Apr 2004,3.23785714285714,2.82357142857143,0.96,0.392,1.51625,1.53625,5.53076923076923,4.67692307692308,NA,NA,3.09230769230769,NA,NA,3.21538461538462,NA,0.523529411764706,1.12941176470588,NA,1.71764705882353,1.94705882352941,NA,NA,NA,4604,4380.125,NA,3.73125,3.2125,1.274375,1.273125
Jul 2004,3.20294117647059,2.84117647058824,1.26882352941176,0.714705882352941,1.51764705882353,1.52823529411765,5.0875,4.6875,NA,NA,3.4,NA,NA,3.59375,NA,0.783333333333333,1.17777777777778,NA,1.9,1.97777777777778,NA,NA,NA,4392,4169,NA,3.80555555555556,3.38333333333333,1.25125,1.256875
Okt 2004,2.94615384615385,2.64615384615385,1.31923076923077,0.876153846153846,1.50153846153846,1.51615384615385,5.81428571428571,4.09285714285714,NA,NA,4.29285714285714,NA,NA,3.25714285714286,NA,0.833333333333333,1.19333333333333,NA,1.76,1.72666666666667,NA,NA,NA,4384.375,4215,NA,3.82666666666667,3.61333333333333,1.16076923076923,1.14
Jan 2005,2.89,2.48315789473684,1.26736842105263,0.815789473684211,1.52764705882353,1.54294117647059,3.51111111111111,4.67777777777778,NA,NA,2.24736842105263,NA,NA,2.73157894736842,NA,0.726315789473684,1.34210526315789,NA,1.50526315789474,1.83684210526316,NA,NA,NA,4646.5,4513.33333333333,NA,3.8,3.60526315789474,1.18411764705882,1.17352941176471
Apr 2005,2.89,2.48315789473684,1.26736842105263,0.815789473684211,1.52764705882353,1.54294117647059,3.51111111111111,4.67777777777778,NA,NA,2.24736842105263,NA,NA,2.73157894736842,NA,0.726315789473684,1.34210526315789,NA,1.50526315789474,1.83684210526316,NA,NA,NA,4646.5,4513.33333333333,NA,3.8,3.60526315789474,1.18411764705882,1.17352941176471
Jul 2005,2.52809523809524,2.0852380952381,1.19761904761905,0.83,1.53,1.52473684210526,3.63529411764706,4.62941176470588,NA,NA,2.35555555555556,NA,NA,3.25,NA,1.18095238095238,1.21904761904762,NA,1.26666666666667,1.7,NA,NA,NA,5331.08333333333,5200.83333333333,NA,3.775,3.595,1.21631578947368,1.24684210526316
Okt 2005,2.44789473684211,2.28105263157895,1.41421052631579,1.08368421052632,1.5325,1.54,4.15,4.3,NA,NA,2.2625,NA,NA,2.5875,NA,1.03888888888889,1.02777777777778,NA,1.59473684210526,1.82105263157895,NA,NA,NA,5856.25,5783.75,NA,3.76666666666667,3.60555555555556,1.23375,1.30125
Jan 2006,2.51071428571429,2.31142857142857,1.51285714285714,1.25928571428571,1.54230769230769,1.54769230769231,4.41428571428571,3.6,NA,NA,3.70769230769231,NA,NA,2.8,NA,1.17142857142857,1.26666666666667,NA,2.05714285714286,1.68333333333333,NA,NA,NA,6459,6370,NA,3.54285714285714,3.45833333333333,1.24833333333333,1.28
Apr 2006,2.82916666666667,2.625,1.85,1.57083333333333,1.53181818181818,1.55083333333333,7.52,4.16,NA,NA,3.33636363636364,NA,NA,2.75454545454545,NA,1.275,1.28333333333333,NA,2.65833333333333,1.86666666666667,NA,NA,NA,5992.5,5798.33333333333,NA,3.32727272727273,3.98181818181818,1.20333333333333,1.22583333333333
Jul 2006,2.87882352941176,2.66470588235294,2.14,1.86470588235294,1.544375,1.55875,7.87142857142857,4.05714285714286,NA,NA,4.3,NA,NA,3.48,NA,1.30625,1.25,NA,2.87058823529412,2.00588235294118,NA,NA,NA,6641.55555555556,6259.44444444444,NA,3.28235294117647,3.07647058823529,1.21333333333333,1.24266666666667
Okt 2006,2.68071428571429,2.45357142857143,2.28571428571429,2.09,1.53666666666667,1.55583333333333,8.44615384615385,4.37692307692308,NA,NA,4.4,NA,NA,2.94615384615385,NA,1.15714285714286,1.05,NA,2.76428571428571,2.07142857142857,NA,NA,NA,6488.57142857143,6476.57142857143,NA,3.21428571428571,2.9,1.19153846153846,1.20153846153846
Jan 2007,2.84473684210526,2.62315789473684,2.38052631578947,2.25368421052632,1.57166666666667,1.59611111111111,5.07647058823529,4.58125,NA,NA,2.71176470588235,NA,NA,2.0375,NA,0.773684210526316,1.09444444444444,NA,2.09473684210526,1.85,NA,NA,NA,7445.55555555556,7150.33333333333,NA,2.95263157894737,2.82222222222222,1.21,1.21647058823529
Apr 2007,3.14166666666667,3.015,2.83388888888889,2.59777777777778,1.59705882352941,1.63764705882353,6.43753333333333,5.22,NA,NA,3.18666666666667,NA,NA,2.28,NA,0.733333333333333,1.17647058823529,NA,2.35,2.11111111111111,NA,NA,NA,7954.54545454545,7740,NA,2.87058823529412,2.70588235294118,1.21294117647059,1.20941176470588
Jul 2007,3.36842105263158,3.13684210526316,3.07631578947368,2.86842105263158,1.59588235294118,1.62941176470588,7.98125,5.4125,NA,NA,3.90625,NA,NA,2.7125,NA,0.742105263157895,1.23157894736842,NA,2.62105263157895,2.21052631578947,NA,NA,NA,7917.91666666667,7626.81818181818,NA,2.76111111111111,2.53333333333333,1.18882352941176,1.19529411764706
Okt 2007,3.16315789473684,3.01842105263158,2.91578947368421,2.78947368421053,1.61472222222222,1.64205555555556,9.11428571428571,5.5,NA,NA,3.95,NA,NA,2.11428571428571,NA,0.715789473684211,1.34736842105263,NA,2.74210526315789,2.04210526315789,NA,NA,NA,7724.16666666667,7330,NA,2.73529411764706,2.46470588235294,1.12764705882353,1.11111111111111
Jan 2008,3.08117647058824,2.97705882352941,2.671875,2.70882352941176,1.57875,1.5790625,4.94666666666667,5.0866666666666696,NA,NA,1.92,NA,NA,1.82666666666667,NA,1.68235294117647,1.3125,NA,2.09411764705882,1.8375,NA,NA,NA,6952.22222222222,6444.44444444444,NA,2.58823529411765,2.60625,1.099,1.0490625
Apr 2008,3.17736842105263,3.1455,2.62105263157895,2.735,1.57694444444444,1.58944444444444,3.62352941176471,3.88823529411765,NA,NA,1.57647058823529,NA,NA,1.81176470588235,NA,2.145,1.455,NA,2,1.645,NA,NA,NA,7106.25,6671.75,NA,2.55555555555556,2.59444444444444,1.08388888888889,1.035
Jul 2008,3.08541666666667,3.0492,2.6475,2.7192,1.582107843125,1.606762566125,3.88571428571429,3.69523809523809,NA,NA,1.38571428571429,NA,NA,1.61904761904762,NA,2.456,1.56,NA,1.956,1.46,NA,NA,NA,6784.25,6370.4375,NA,2.525,2.68333333333333,1.12158796295833,1.099225340125
Okt 2008,2.27045454545455,2.08,0.868863636363636,0.776818181818182,1.54142857142857,1.52452380952381,4.27896281521053,-0.264451509157895,NA,NA,-0.229125154473684,NA,NA,-2.49817948331579,NA,2.4144792666087,0.936028770826087,NA,1.88141672765217,0.0432511659130435,NA,NA,NA,5140.61538461538,4712.69230769231,NA,2.57532511040909,3.15847015540909,1.16190476190476,1.18714285714286
Jan 2009,2.27208333333333,2.05583333333333,0.496875,0.412291666666667,1.51478260869565,1.48454545454545,-5.68527149755,0.68,NA,NA,-5.211526283,NA,NA,-0.61,NA,0.119403590045455,0.622727272727273,NA,-1.36666666666667,0.383333333333333,NA,NA,NA,4106.92307692308,3594.61538461538,NA,3.6695652173913,4.32857142857143,1.12,1.15290909090909
Apr 2009,2.50526315789474,2.30526315789474,0.536842105263158,0.393421052631579,1.52588235294118,1.51888888888889,-9.688397270625,0.688814849375,NA,NA,-6.807995033,NA,NA,-1.00175052375,NA,-0.38264933355,0.6928538112,NA,-2.49335278955,0.13163359835,NA,NA,NA,5017.90909090909,4619.18181818182,NA,3.83951135489474,4.75790036084211,1.078125,1.1
Jul 2009,2.54778846153846,2.25375,0.521153846153846,0.352596153846154,1.52815217391304,1.52,-10.5863636363636,2.21818181818182,NA,NA,-4.84204545454545,NA,NA,-0.785227272727273,NA,-0.422115384615385,0.658653846153846,NA,-2.24423076923077,0.357692307692308,NA,NA,NA,5607.83333333333,5322.5,NA,3.913,4.929,1.05836956521739,1.07239130434783
Okt 2009,2.472,2.144,0.6425,0.284642857142857,1.51534722222222,1.51364583333333,-10.6144736842105,3.74210526315789,NA,NA,-3.21513157894737,NA,NA,0.0289473684210526,NA,-0.369047619047619,0.71547619047619,NA,-1.88154761904762,0.836904761904762,NA,NA,NA,5890.66666666667,5548.16666666667,NA,3.86071428571429,4.8,1.04527777777778,1.02222222222222
Jan 2010,2.46068181818182,2.06431818181818,0.752803030318182,0.300151515136364,1.4775,1.464,3.5807451808,4.5441217253,NA,NA,0.84894975325,NA,NA,2.314660372,NA,0.762632838409091,1.06211528761905,NA,1.19606021631818,1.58851203990476,NA,NA,NA,6137,5895.44444446667,NA,4.6265151515,4.49126984128571,1.077125,1.07383333335
Apr 2010,2.27921875,1.83416666665,0.736875,0.2884375,1.41029411764706,1.40058823529412,4.57720588235294,4.58504901958824,NA,NA,1.85347222222222,NA,NA,2.05277777777778,NA,0.939473684210526,1.16315789473684,NA,1.73354166665,1.80416666665,NA,NA,NA,6163.625,5742.0833333,NA,4.14583333331579,3.89057017542105,1.13238970588235,1.14225490194118
Jul 2010,2.0228,1.5116,0.722571428571429,0.293619047619048,1.35625263157895,1.32046315789474,7.825,4.006,NA,NA,2.007,NA,NA,1.872,NA,0.811818181818182,0.963272727272727,NA,2.26454545454545,1.71542857142857,NA,NA,NA,6061.76923076923,5730.61538461538,NA,3.88072727272727,3.63,1.05753684210526,1.03115789473684
Okt 2010,2.12843137252941,1.68703703705556,0.622368421052632,0.25125,1.35274509805882,1.32941176470588,7.48972022011111,3.32517167244444,NA,NA,3.21501706566667,NA,NA,2.45872147461111,NA,0.727665942428571,0.878030538285714,NA,2.50793394804762,1.67217996371429,NA,NA,NA,6237.96961538462,5923.40116669231,NA,3.78416666665,3.42333333335,1.02617647058824,0.993333333352941
Jan 2011,2.31596491226316,1.93266666665,0.90133333335,0.350730158714286,1.33555555555556,1.29488888888889,3.30112738815,4.28244358789474,NA,NA,3.5930680704,NA,NA,2.54536432168421,NA,0.867144520545455,1.3886162419,NA,1.96447275931818,1.8885336112,NA,NA,NA,6320.1777778,6008.75555553333,NA,3.38277341963636,3.21389446185,0.994111111111111,0.953555555555555
Apr 2011,2.41283333335,1.98031746033333,0.966031746047619,0.370393939409091,1.31721022427778,1.26879593721053,4.41333333335,4.145,NA,NA,3.80133333335,NA,NA,2.783,NA,0.952753623173913,1.39303030304545,NA,2.15971014491304,1.94,NA,NA,NA,6367.28571428571,6039.85714285714,NA,3.1759420290000002,2.92242424240909,0.933333333333333,0.875157894736842
Jul 2011,1.65294117647059,1.26555555555556,0.336052631578947,0.1193,1.19544444446667,1.1477777778,3.44033075533333,2.07693180383333,NA,NA,3.76051637683333,NA,NA,2.635594966,NA,0.57297255835,0.8538433779,NA,1.925679936,1.33866017355,NA,NA,NA,5463.16666666667,5110.72222225,NA,3.10301191668421,3.19991837515789,0.837666666666667,0.8117777778
Okt 2011,1.48308333335,1.06460317461905,0.262348484863636,0.0828260869565217,1.25625,1.23571428571429,2.93479166665,0.20125,NA,NA,3.22375,NA,NA,0.29895833335,NA,0.511594202913043,0.243478260869565,NA,1.73173913043478,0.571376811608696,NA,NA,NA,5766.66666669231,5379.48717946154,NA,3.13560606059091,3.41742424240909,0.9425,0.929444444428571
Jan 2012,1.35059523807143,0.900555555533333,0.216555555533333,0.0541666666875,1.24243589746154,1.21726190478571,0.6062183855,3.644464980625,NA,NA,1.03125,NA,NA,2.2177083333125,NA,-0.116717846111111,0.821049764823529,NA,0.426440229555556,1.54070908576471,NA,NA,NA,5903.272916625,5696.530819125,NA,3.31176470588235,3.3697916666875,0.953461538461538,0.935833333357143
Apr 2012,1.23638148146667,0.718107638875,0.215356209176471,0.0723765432222222,1.21918650792857,1.207517361125,0.7044890985625,3.150689081125,NA,NA,1.465444766,NA,NA,2.2828933114375,NA,-0.270633874055556,0.802558079235294,NA,1.00230916922222,1.497993217,NA,NA,NA,5747.54505054545,5491.46202018182,NA,3.24122222222222,3.30010457517647,0.961107142857143,0.957974074066667
Jul 2012,1.16411111111111,0.710736842105263,0.251070175421053,0.0692,1.2095625,1.20494117647059,0.395920345842105,2.55750206678947,NA,NA,1.28481826605263,NA,NA,1.86990492336842,NA,-0.334370048047619,0.722079979333333,NA,0.938237284714286,1.34782310461905,NA,NA,NA,6187.95055558333,5931.65083333333,NA,3.04196540495238,3.16961055028571,0.9851041666875,0.939879005235294
Okt 2012,1.04257407405556,0.668192982473684,0.13745,0.0625,1.2084166666875,1.20754901958824,0.248275172117647,2.17019261966667,NA,NA,0.958237710058824,NA,NA,1.31718610533333,NA,-0.514682098285714,0.517304994666667,NA,0.93947805525,1.22373757333333,NA,NA,NA,6542.38484845455,6314.349242,NA,2.9985472832,3.2636350897,0.9484375,0.935333333352941
Jan 2013,1.10765055555556,0.746358245631579,0.114141578947368,0.0461998245789474,1.2464195833125,1.22958117647059,2.65279111923529,4.02749554129412,NA,NA,1.93593703788235,NA,NA,2.74514014547059,NA,0.16644220235,0.741359815315789,NA,1.2187449466,1.66306890673684,NA,NA,NA,7232.16121209091,6994.48727272727,NA,3.19767092152632,3.22052398672222,0.9533867189375,0.925907308529412
Apr 2013,1.1343,0.763034013619048,0.109714285714286,0.0407207792272727,1.25571428573684,1.2437642857,1.65453351878947,3.70491622494737,NA,NA,0.950768960631579,NA,NA,2.17095697621053,NA,-0.0256085682727273,0.737289870809524,NA,1.33686883290909,1.71645933895238,NA,NA,NA,7606.54761908333,7314.28571425,NA,3.19162585033333,3.1923642857,0.995812030052632,0.98304285715
Jul 2013,1.45908571426316,1.09667823128571,0.163305442190476,0.0506720779090909,1.25400158727778,1.242956391,1.73113276947368,4.22178706042105,NA,NA,1.14346696968421,NA,NA,2.64731054873684,NA,-0.1770641045,0.522194102095238,NA,1.60618224640909,1.8961277132381,NA,NA,NA,7866.04395607692,7555.32967030769,NA,3.16101428571429,3.19150785715,0.9825459475,0.953120854315789
Okt 2013,1.4939902611,1.14661552214286,0.209139628857143,0.062751754,1.24538655005556,1.23635500231579,1.9579758189,4.0991965252,NA,NA,1.35249970185,NA,NA,2.75496764865,NA,-0.1918626265,0.4604318025,NA,1.85049828413636,2.11446281890909,NA,NA,NA,8275.60439561538,7957.08791207692,NA,3.15961481981818,3.15127125113636,0.956864755833333,0.927526408684211
Jan 2014,1.53452819046667,1.1990563393125,0.19024625,0.0673821848823529,1.23944846153846,1.2306662245,3.88756505653333,4.80035724386667,NA,NA,2.76427712666667,NA,NA,2.68555140926667,NA,0.342402475705882,0.8458976973125,NA,2.13103666182353,2.3031296224375,NA,NA,NA,8435.87301588889,8133.015873,NA,3.16645181376471,3.1024973239375,0.946948892692308,0.927695126071429
Apr 2014,1.353847767875,1.022474958,0.0974292437058824,0.0343047618888889,1.23283866666667,1.2254669643125,4.205003552,4.712987259,NA,NA,3.3595107835,NA,NA,3.097087786875,NA,0.0950156971111111,0.574031638588235,NA,2.10268990077778,2.19509413858824,NA,NA,NA,8977.1428571,8626.5,NA,3.17202664022222,3.12702683470588,0.952470923066667,0.91001243175
Jul 2014,1.13851208792308,0.735381428538462,0.168146703307692,0.037617449,1.22127654758333,1.21242681315385,3.56305494507692,4.20925054946154,NA,NA,2.69366549953846,NA,NA,2.58691753784615,NA,0.101010098333333,0.541902682571429,NA,1.752186133,1.94810317221429,NA,NA,NA,9045.53571425,8644.553571375,NA,3.21400323806667,3.17375397957143,0.956377380916667,0.920582857166667
Okt 2014,0.817599444444444,0.525169629611111,0.0586469173157895,0.0312463157894737,1.21789546217647,1.21048789917647,3.15937861275,3.50725067105556,NA,NA,1.56082362422222,NA,NA,1.97186356905556,NA,0.0434973133809524,0.285965723714286,NA,1.79558407642857,1.78440477514286,NA,NA,NA,9289.70238091667,9054.88095241667,NA,3.24864768,3.2280389202,1.00773739494118,0.980382268882353
Jan 2015,0.268482142875,0.0266386554705882,-0.494642857125,-0.690336134470588,1.08420168064706,1.06432539683333,-0.225319269470588,1.81063990576471,NA,NA,0.405142523235294,NA,NA,1.48480705305882,1.13076923076923,-0.96549650035,0.0507791096842105,1.61538461538462,0.501335678,1.02126397210526,NA,NA,NA,9421.42857144444,9114.047619,3.275,3.54498496242105,3.70760863894444,1.001697479,0.964087301611111
Apr 2015,0.266510204071429,0.0473571428571429,-0.601612244928571,-0.774489795928571,1.07818681315385,1.04978021976923,0.0178571428333333,2.3279761905,NA,NA,0.661730779307692,NA,NA,1.48534320053846,1.01,-1.03890298786667,-0.0164284867142857,1.66363636363636,0.68558746775,1.18867508846667,NA,NA,NA,9896.632653,9530.81632657143,3.43333333333333,3.51474082833333,3.63135352664286,1.03364615384615,0.977962087923077
Jul 2015,0.3488894643125,0.0451544643125,-0.557714107125,-0.6946548214375,1.09107142857143,1.06948979592857,-0.419127254875,1.9472779549375001,NA,NA,0.834894774125,NA,NA,1.2198891045625,0.945454545454545,-0.972047499111111,0.0726308597647059,1.74545454545455,0.705793819166667,1.27843412717647,NA,NA,NA,9394.196428625,8970.08928575,3.4,3.41654128094444,3.65516170623529,1.02982326528571,0.983011632642857
Okt 2015,0.1325,-0.133888888888889,-0.628111111111111,-0.754611111111111,1.10125,1.0848125,0.806333333333333,2.39927777777778,NA,NA,1.344,NA,NA,1.33616666666667,1.05333333333333,-1.1353,-0.24245,1.6,0.71055,1.14815,NA,NA,NA,9614.6,9246.5,3.32666666666667,3.33,3.585,1.0494375,1.022
Jan 2016,-0.0025,-0.3210714285625,-0.539579831941176,-0.769579831941177,1.1024154354375,1.0884154354375,2.44418204761111,3.1924310885,NA,NA,0.849553182555556,NA,NA,1.67298330183333,1.15625,-0.57505238085,0.152195066526316,1.73125,1.108530606,1.50977099331579,NA,NA,NA,8821.047619,8401.39682544444,3.3,3.58397300785,3.57654883257895,1.0359076238,1.01663429046667
Apr 2016,-0.0612085714285714,-0.29649619047619,-0.71347380952381,-0.770891428571429,1.11,1.09473684210526,3.12945210526316,3.94175052631579,0.38964298595,1.02185147515,1.4089462665181,1.83167609375,2.17929814915,1.83999440509337,1.10072492928571,-0.481764115913043,0.190887506727273,1.64714412290476,1.13036430543478,1.50444358713636,NA,NA,NA,8842.22222222222,8511.11111111111,3.45030206205,3.52998895868182,3.57585717066667,1.00760894736842,0.981293157894737
Jul 2016,-0.14314375,-0.326296875,-0.674481875,-0.7248425,1.099875,1.0940625,3.29867,3.14233176470588,0.861438125,1.447385625,1.71304084486427,2.06622117647059,1.85175411764706,1.73321410486226,1.05540277777778,-0.378374736842105,0.221653333333333,1.56444388888889,1.31266105263158,1.37338777777778,NA,NA,NA,8990.45454545455,9115.90909090909,3.31327277777778,3.38329368421053,3.41893777777778,1.017543125,0.994109375
Okt 2016,0.0882225,-0.0541691666666667,-0.665817692307692,-0.738346923076923,1.07807692307692,1.07830769230769,4.265,3.28785714285714,0.602857142857143,1.18857142857143,2.31545737422759,3.02571428571429,2.31,1.98125490830362,1.06307692307692,-0.373125,0.3175,1.49230769230769,1.338125,1.4975,NA,NA,NA,8968.18181818182,8708.18181818182,3.31076923076923,3.316875,3.315625,1.03145153846154,1.01914384615385
Jan 2017,0.072348125,-0.065380625,-0.69262625,-0.7462225,1.069125,1.0688125,3.15244,3.58718142857143,1.19687857142857,1.17047785714286,1.86050560725132,2.13572785714286,2.86738285714286,2.36993771971926,1.234084,0.435598333333333,0.67986,1.502496,1.53955666666667,1.67350705882353,NA,NA,NA,9526.15384615385,9390.25,3.283865625,3.30739684210526,3.22085944444444,1.03125,1.018875
Apr 2017,0.15615,-0.0648133333333333,-0.57278125,-0.74004,1.091335,1.0865275,3.37647470588235,3.63372058823529,0.616811176470588,0.743454705882353,1.65338854279437,2.08328235294118,2.44827,1.94850597180501,1.20588235294118,0.451578947368421,0.608333333333333,1.72991117647059,1.49128052631579,1.72771222222222,NA,NA,NA,10123.8571428571,9988.42857142857,3.20435882352941,3.23320789473684,3.17654166666667,1.007984375,0.99861375
Jul 2017,0.212640625,-0.0032625,-0.6523,-0.741915,1.13078588235294,1.13226117647059,3.081254375,3.685828125,1.22612785714286,1.26990928571429,1.90416431345594,2.1853625,2.682536875,2.2684272311009,1.1,0.448947368421053,0.636111111111111,1.56436055555556,1.30707,1.70993444444444,NA,NA,NA,10820.6595384615,10204.1084615385,3.19847647058824,3.20171944444444,3.14869117647059,0.992867647058824,0.975048235294118
Okt 2017,0.273571875,-0.01767125,-0.590161764705882,-0.717387647058824,1.16348823529412,1.16142941176471,3.27386833333333,4.35599833333333,1.16681176470588,1.20702647058824,2.14162070387932,2.54589764705882,3.23908882352941,2.64339281437619,1.17028388888889,0.4432695,0.705895,1.59823166666667,1.084055,1.906773,NA,NA,NA,10810.7142857143,10717.8571428571,3.15035166666667,3.1742215,3.038814,1.01872941176471,1.01696470588235
Jan 2018,0.421071703692308,0.167514159307692,-0.505345307,-0.727777274857143,1.18153333333333,1.16933333333333,4.439587593,3.78561891878571,1.64435251684615,1.18154664830769,2.96253299671923,3.50921445761538,2.79063689169231,2.31893451751848,1.15214285714286,0.75,0.993333333333333,1.580630167,1.9775326099375,1.669580938,NA,NA,NA,10609.6363636364,10381,3.0634669185,2.95399647725,2.9011564818,0.974125,0.966259285714286
Apr 2018,0.404049333333333,0.148702,-0.47146125,-0.71432,1.19606666666667,1.16629501913333,4.20155216429412,3.65083445652941,1.24674857206667,0.9732956786,3.25888598839436,4.093368245625,2.93428379975,2.35942309428239,1.30377848175,0.915894713055556,1.08674085364706,1.601030705,2.14977059327778,1.70725866522222,NA,NA,NA,10469.4545454545,10312.9090909091,2.959057576375,2.79299172266667,2.71276702077778,0.990348111666667,0.994334991733333
Jul 2018,0.356117647058824,0.0538823529411765,-0.484210526315789,-0.722789473684211,1.1525,1.13866666666667,4.36468421052632,3.77336842105263,1.58388888888889,0.896666666666667,3.34240193083842,4.0717,3.03995,2.41164972845403,1.17910526315789,0.976190476190476,1.089,1.62921052631579,2.68247619047619,1.74485,NA,NA,NA,10630.0897142857,10500.8182142857,2.98526315789474,2.68590476190476,2.59875,1.00964705882353,1.00023529411765
Okt 2018,0.506411306117647,0.235836324235294,-0.546520336375,-0.72792594625,1.14944444444444,1.13116666666667,3.25011111111111,2.715,1.39488888888889,0.834944444444444,2.88626703717541,3.50477777777778,2.28088888888889,1.85701245922809,1.17684210526316,0.937356625238095,0.9401157495,1.631,2.58604761904762,1.64333333333333,NA,NA,NA,10558.9333333333,10367.2666666667,2.87757894736842,2.61085714285714,2.55555,0.989901666666667,0.993846111111111
Jan 2019,0.1274454460625,-0.134022503,-0.630629990823529,-0.739771332529412,1.15029411764706,1.13852941176471,2.09327777777778,2.93777777777778,0.460625,0.7424375,1.0509863421566,1.29582352941176,1.94758823529412,1.59430011773035,1.16161111111111,0.60841291345,0.842255472947368,1.50905555555556,1.2482,1.53294736842105,NA,NA,NA,10983.75,11014.4166666667,2.84555555555556,2.43083333333333,2.52627777777778,0.987058823529412,0.997647058823529
Apr 2019,-0.0535714285714286,-0.261428571428571,-0.596,-0.736,1.14071428571429,1.13035714285714,2.57333333333333,2.73,0.72,0.813333333333333,1.24105054209148,1.45714285714286,1.78571428571429,1.50066227839199,1.08571428571429,0.667647058823529,0.7925,1.56538461538462,1.33333333333333,1.47142857142857,NA,NA,NA,11565.2,11223.1,2.952,2.45294117647059,2.571875,0.981357142857143,0.999214285714286
Jul 2019,-0.513,-0.687,-0.625555555555556,-0.792222222222222,1.0975,1.0865,2,2.3,0.5125,0.3875,0.723573714967614,0.811111111111111,1.31111111111111,1.04035590908588,0.955555555555556,0.527272727272727,0.61,1.38888888888889,1.02727272727273,1.31,NA,NA,NA,11903,11832.7142857143,2.788,2.35,2.47272727272727,0.973333333333333,0.982222222222222
Okt 2019,-0.368257404555556,-0.536008312333333,-0.709093277944444,-0.736522585666667,1.10982344444444,1.10250250822222,3.06319588235294,2.56240470588235,0.565152941176471,0.318921176470588,0.462641592955766,0.420127647058824,0.933985294117647,0.753680177138637,0.997287368421053,0.3977648304,0.37880104135,1.50300105263158,0.85335,1.3034995,NA,NA,NA,12382.3846153846,12466.2142857143,2.89992157894737,2.4402875,2.5673625,0.974951051055556,0.98536262
Jan 2020,-0.366142857142857,-0.626857142857143,-0.794857142857143,-0.817,1.08242857142857,1.06214285714286,-0.8685,3.2616,0.0483,0.4987,-0.669295653550175,-0.9669,1.8286,1.4387418239326,0.79,0.0525,0.581818181818182,1.38181818181818,-0.218,1.32425,NA,NA,NA,11040,9500.83333333333,2.68571428571429,2.68571428571429,2.77142857142857,0.939285714285714,0.950285714285714
Apr 2020,-0.295791608933333,-0.465266485133333,-0.7320975944375,-0.729278373625,1.069356,1.06255499653333,-7.089615,6.875584375,-1.840485625,1.30479875,-6.81875378298763,-8.8833625,4.288039375,3.41350689223238,1.08146,-0.692848578588235,0.284492416235294,1.4584485402,-5.023099626125,4.2043324713125,NA,NA,NA,12237.4615384615,12014.0833333333,3.15117285714286,3.79590733333333,4.248286,0.9593837838,0.9738633602
Jul 2020,-0.295400511615385,-0.440374099153846,-0.721466489230769,-0.735312643076923,1.08022768814286,1.07819952028571,-7.037,7.2415,-1.80592857142857,0.320357142857143,-5.62267428164229,-7.20557142857143,3.23657142857143,2.38168761591615,1.0461875,-0.7073430474375,0.18504007925,1.46725,-4.2086875,3.2883125,NA,NA,NA,13278.125,12660,2.9310625,3.2935625,3.8539375,0.915457516,0.935480158285714
Okt 2020,-0.350604166666667,-0.46900025,-0.735098307692308,-0.742895076923077,1.07318738461538,1.08042261538462,-5.80495628571429,5.35768857142857,-1.47665407142857,0.790420642857143,-4.01845908344398,-5.07260735714286,4.63873514285714,3.51060756040454,0.835980923076923,-0.655324853466667,0.199112289066667,1.42853935714286,-3.467529375,3.37490853333333,NA,NA,NA,13157.4843988889,12775.5242966667,3.07450114285714,3.20315373333333,3.7546104,0.907276307692308,0.920570615384615
Jan 2021,-0.0634320633,-0.282966315,-0.660070736272727,-0.736611409636364,1.0959,1.0977239627,4.94832583333333,4.8217875,1.39879454545455,0.608365454545455,3.56808777406189,4.46774636363636,3.08177727272727,2.3567003345365,1.257584,0.345281609846154,0.626518806583333,1.54973818181818,3.33649307692308,2.77592666666667,NA,NA,NA,13856.8445888889,13511.8010422222,2.89090909090909,3.567495,3.27302769230769,0.905,0.8986809609
Apr 2021,-0.0378930953076923,-0.133852755923077,-0.731938754571429,-0.738978961214286,1.10151992307692,1.098495971,7.09606733333333,5.02973333333333,1.77810933333333,1.230576,3.43288311972954,4.119158,3.01229066666667,2.4899837035723,1.09556635842857,0.494156675,0.681280819375,1.52451068457143,3.4928028440625,2.8389872283125,NA,NA,NA,14786.7534975,14737.62525875,2.74768239292857,3.142317989,2.9507855243125,0.894279603076923,0.899797968461538
Jul 2021,-0.112,-0.273,-0.709,-0.739,1.10125,1.095,6.99545454545455,4.44545454545455,1.665,1.02,3.12818262691968,3.735,2.41,2.00252359971901,0.843,0.553846153846154,0.808333333333333,1.55,3.42307692307692,2.94583333333333,NA,NA,NA,16294.2857142857,15868.5714285714,2.715,3.03076923076923,2.825,0.91,0.915
Okt 2021,-0.0457051543333333,-0.184055519333333,-0.6606444921875,-0.7268328734375,1.05852214969231,1.05066636838462,8.03929266666667,5.194946,1.574138,0.698779333333333,2.92511454689441,3.48539733333333,2.8334,2.20763917610163,0.82022625,0.642098653666667,0.980963197666667,1.574143125,3.50307176470588,2.81053611111111,NA,NA,NA,15925.085558,15784.002477,2.40647266666667,2.93167411764706,2.47882176470588,0.916555557615385,0.914855718076923
Jan 2022,0.482709886333333,0.214987057933333,-0.418,-0.692666666666667,1.03623738461538,1.02846153846154,4.07029125,3.2919525,0.545219375,0.70185875,1.83465039031955,2.36940875,2.824563125,2.20229554400309,0.989729375,1.95107664933333,1.14397435147059,1.558125,2.53365647058824,1.66738764705882,NA,NA,NA,15225.87831,14411.945685,2.37857466666667,2.36041222222222,2.31196058823529,0.913570612833333,0.921506470833333
Apr 2022,1.01666666666667,0.794444444444445,0.152,-0.508,1.02,1.025,5.66,3.52,-0.00999999999999999,0.85,1.59455292903753,2.26,2.31,1.88200320546026,1.08888888888889,2.60909090909091,1.7,1.43333333333333,2.515,1.62,NA,NA,NA,14466.6666666667,14141.6666666667,2.45,2.19,2.17,0.93375,0.9575
Jul 2022,1.45,1.17222222222222,1.13,0.681,0.954285714285714,0.948571428571429,3.06666666666667,1.65555555555556,-1.91111111111111,0.266666666666667,0.280128571715467,1.18888888888889,1.37777777777778,1.05205723398802,1.25,3.05,2.38,1.4125,2.18,0.97,NA,NA,NA,14172,13637,2.425,2.21818181818182,2.31,0.93625,0.9625
Okt 2022,1.43822354361538,1.20817843484615,1.33066666666667,0.964729034357143,0.978505741785714,0.986946705428571,5.26511666666667,2.78015733333333,-3.575634,-0.508252,0.275705830972247,1.87295,1.87955466666667,1.17957274932834,0.941295333333333,2.90275528165,2.2517482999,1.55562933333333,1.94243315789474,0.728356315789474,NA,NA,NA,14235.7726625,13854.4948625,2.543915,2.3201,2.40516555555556,0.949639904785714,0.970196777846154
Jan 2023,1.81727272727273,1.68909090909091,1.80583333333333,1.52666666666667,0.986,0.993,3.10923076923077,3.64923076923077,-0.771666666666667,0.754166666666667,1.708793092576,2.7375,1.9825,1.62241593884042,1.125,2.434,1.34933333333333,1.57916666666667,0.822666666666667,1.64066666666667,NA,NA,NA,14201.27,14067.2116666667,2.2125,2.128,2.224,0.912,0.925
Apr 2023,1.38,1.28461538461538,1.75571428571429,1.76285714285714,0.985714285714286,0.990714285714286,3.4125,3.6525,-1.31214285714286,0.495714285714286,1.44279407558075,2.58533333333333,2.25866666666667,1.74185983928734,1.21666666666667,2.32833333333333,1.61555555555556,1.57333333333333,0.794444444444444,1.56111111111111,NA,NA,NA,15574,14990,2.32666666666667,2.06222222222222,2.21611111111111,0.894666666666667,0.905333333333333
Jul 2023,1.50222222222222,1.28333333333333,1.92111111111111,1.88222222222222,0.96,0.959,2.19181818181818,3.06636363636364,-2.10111111111111,0.233333333333333,0.0846308377442174,0.991111111111111,1.66777777777778,1.2472725557452,1.27,2.195,1.76666666666667,1.55555555555556,0.815,1.345,NA,NA,NA,15415,14760,2.36666666666667,2.04166666666667,2.23666666666667,0.891,0.887
Okt 2023,1.13222222222222,0.959,1.48181818181818,1.71454545454545,0.962,0.954,3.71416666666667,3.09666666666667,-2.02090909090909,0.645454545454545,-0.700810345526862,-0.153333333333333,1.0975,0.96498355785499,1.10909090909091,2.08857142857143,1.63,1.63636363636364,0.775384615384615,1.42230769230769,1.65,1.11363636363636,1.21818181818182,15325.7142857143,14648.5714285714,2.42727272727273,2.04,2.245,0.868181818181818,0.884545454545455
Jan 2024,0.995,0.9,1.167,1.572,0.951,0.955,2.921,3.119,0.732,1.639,0.00124405650721865,-0.301818181818182,2.99454545454545,2.5971693522178,1.01,1.45,1.1975,1.61333333333333,1.41363636363636,1.41090909090909,1.72714285714286,1.10454545454545,1.66545454545455,15804.7142857143,15068.1428571429,2.335,2.20166666666667,2.29666666666667,0.858,0.871
Apr 2024,0.983636363636364,0.954545454545455,1.13545454545455,1.31727272727273,0.972,0.982,2.81166666666667,3.11166666666667,0.313636363636364,1.38818181818182,-0.0724009499877028,-0.2325,2.85416666666667,2.42441542283424,1.11666666666667,1.41857142857143,1.27769230769231,1.52454545454545,1.46153846153846,1.38923076923077,1.605,1.159,1.626,16279.8333333333,15686.1666666667,2.47181818181818,2.30928571428571,2.39076923076923,0.896,0.907
Jul 2024,0.658333333333333,0.569166666666667,0.8325,0.9525,0.937307692307692,0.946153846153846,4.40769230769231,3.12846153846154,0.79,1.60909090909091,-0.295288934720062,-0.745384615384615,2.40153846153846,2.16923365860119,1.15384615384615,1.24375,1,1.47846153846154,1.47933333333333,1.428,1.705,1.19083333333333,1.62090909090909,16939.3333333333,16154.5555555556,2.51666666666667,2.4125,2.55866666666667,0.856153846153846,0.862307692307692
Okt 2024,0.423076923076923,0.343846153846154,0.352307692307692,0.583076923076923,0.914615384615385,0.928461538461538,2.28818181818182,2.41454545454545,1.97090909090909,2.05090909090909,-0.751754409424109,-1.88090909090909,1.64454545454545,1.76367034069693,1.02384615384615,1.128,0.614,1.63666666666667,1.39384615384615,1.33153846153846,1.72307692307692,1.04538461538462,1.51307692307692,16807.3333333333,16166.1111111111,2.72083333333333,2.43785714285714,2.71928571428571,0.865714285714286,0.880769230769231
Jan 2025,0.568333333333333,0.505,0.195833333333333,0.275,0.917272727272727,0.939090909090909,2.31818181818182,3.07272727272727,1.95,1.71,1.27142254983435,0.99,2.07,1.96446654381212,1.05,0.5,0.776923076923077,1.73333333333333,1.18461538461538,1.75384615384615,1.58333333333333,1.39166666666667,1.55833333333333,17614.2857142857,17200,2.75,2.76153846153846,2.8,0.884545454545455,0.9
Apr 2025,0.433333333333333,0.308666666666667,-0.0893333333333333,-0.105333333333333,0.920357142857143,0.931428571428571,3.5,2.81666666666667,2.17692307692308,1.68461538461538,1.22539219728374,0.830769230769231,1.62692307692308,1.6438354897737,1.02,0.21,0.573333333333333,1.6,1.08,1.55333333333333,1.515,1.31333333333333,1.28,17627.7777777778,17111.1111111111,2.80416666666667,2.88785714285714,2.99857142857143,0.803928571428571,0.824285714285714
Jul 2025,0.411818181818182,0.266363636363636,-0.0236363636363636,-9.0909090909091e-4,0.929166666666667,0.93375,2.61818181818182,0.663636363636364,1.7,1.7,0.660928279433848,0.23,0.88,1.12038176131684,0.972727272727273,0.253333333333333,0.58,1.52727272727273,1.06153846153846,1.29230769230769,1.43636363636364,1.225,0.958333333333333,17383.3333333333,16806.6666666667,2.81,2.87142857142857,3.05,0.773846153846154,0.795833333333333
Okt 2025,0.379090909090909,0.262727272727273,-0.07,-0.02,0.920909090909091,0.93,2.07,1.02,0.188888888888889,1.63333333333333,-0.298053262850351,-0.5,1.08,1.2422088308073,0.927272727272727,0.184615384615385,0.353846153846154,1.51818181818182,1.175,1.18333333333333,1.45454545454545,1.29090909090909,0.963636363636364,18250,17742.5,2.84,2.86666666666667,3.13333333333333,0.778333333333333,0.794545454545455
