"CubeId";"zimoma"
"PublishingDate";"2026-06-01 14:30"

"Date";"D0";"Value"
"1972-01";"SARON";
"1972-01";"3M0";
"1972-02";"SARON";
"1972-02";"3M0";
"1972-03";"SARON";
"1972-03";"3M0";
"1972-04";"SARON";
"1972-04";"3M0";
"1972-05";"SARON";
"1972-05";"3M0";
"1972-06";"SARON";
"1972-06";"3M0";
"1972-07";"SARON";
"1972-07";"3M0";
"1972-08";"SARON";
"1972-08";"3M0";
"1972-09";"SARON";
"1972-09";"3M0";
"1972-10";"SARON";
"1972-10";"3M0";
"1972-11";"SARON";
"1972-11";"3M0";
"1972-12";"SARON";
"1972-12";"3M0";
"1973-01";"SARON";
"1973-01";"3M0";
"1973-02";"SARON";
"1973-02";"3M0";
"1973-03";"SARON";
"1973-03";"3M0";
"1973-04";"SARON";
"1973-04";"3M0";
"1973-05";"SARON";
"1973-05";"3M0";
"1973-06";"SARON";
"1973-06";"3M0";
"1973-07";"SARON";
"1973-07";"3M0";
"1973-08";"SARON";
"1973-08";"3M0";
"1973-09";"SARON";
"1973-09";"3M0";
"1973-10";"SARON";
"1973-10";"3M0";
"1973-11";"SARON";
"1973-11";"3M0";
"1973-12";"SARON";
"1973-12";"3M0";
"1974-01";"SARON";
"1974-01";"3M0";
"1974-02";"SARON";
"1974-02";"3M0";
"1974-03";"SARON";
"1974-03";"3M0";
"1974-04";"SARON";
"1974-04";"3M0";
"1974-05";"SARON";
"1974-05";"3M0";
"1974-06";"SARON";
"1974-06";"3M0";
"1974-07";"SARON";
"1974-07";"3M0";
"1974-08";"SARON";
"1974-08";"3M0";
"1974-09";"SARON";
"1974-09";"3M0";
"1974-10";"SARON";
"1974-10";"3M0";
"1974-11";"SARON";
"1974-11";"3M0";
"1974-12";"SARON";
"1974-12";"3M0";
"1975-01";"SARON";
"1975-01";"3M0";
"1975-02";"SARON";
"1975-02";"3M0";
"1975-03";"SARON";
"1975-03";"3M0";
"1975-04";"SARON";
"1975-04";"3M0";
"1975-05";"SARON";
"1975-05";"3M0";
"1975-06";"SARON";
"1975-06";"3M0";
"1975-07";"SARON";
"1975-07";"3M0";
"1975-08";"SARON";
"1975-08";"3M0";
"1975-09";"SARON";
"1975-09";"3M0";
"1975-10";"SARON";
"1975-10";"3M0";
"1975-11";"SARON";
"1975-11";"3M0";
"1975-12";"SARON";
"1975-12";"3M0";
"1976-01";"SARON";
"1976-01";"3M0";
"1976-02";"SARON";
"1976-02";"3M0";
"1976-03";"SARON";
"1976-03";"3M0";
"1976-04";"SARON";
"1976-04";"3M0";
"1976-05";"SARON";
"1976-05";"3M0";
"1976-06";"SARON";
"1976-06";"3M0";
"1976-07";"SARON";
"1976-07";"3M0";
"1976-08";"SARON";
"1976-08";"3M0";
"1976-09";"SARON";
"1976-09";"3M0";
"1976-10";"SARON";
"1976-10";"3M0";
"1976-11";"SARON";
"1976-11";"3M0";
"1976-12";"SARON";
"1976-12";"3M0";
"1977-01";"SARON";
"1977-01";"3M0";
"1977-02";"SARON";
"1977-02";"3M0";
"1977-03";"SARON";
"1977-03";"3M0";
"1977-04";"SARON";
"1977-04";"3M0";
"1977-05";"SARON";
"1977-05";"3M0";
"1977-06";"SARON";
"1977-06";"3M0";
"1977-07";"SARON";
"1977-07";"3M0";
"1977-08";"SARON";
"1977-08";"3M0";
"1977-09";"SARON";
"1977-09";"3M0";
"1977-10";"SARON";
"1977-10";"3M0";
"1977-11";"SARON";
"1977-11";"3M0";
"1977-12";"SARON";
"1977-12";"3M0";
"1978-01";"SARON";
"1978-01";"3M0";
"1978-02";"SARON";
"1978-02";"3M0";
"1978-03";"SARON";
"1978-03";"3M0";
"1978-04";"SARON";
"1978-04";"3M0";
"1978-05";"SARON";
"1978-05";"3M0";
"1978-06";"SARON";
"1978-06";"3M0";
"1978-07";"SARON";
"1978-07";"3M0";
"1978-08";"SARON";
"1978-08";"3M0";
"1978-09";"SARON";
"1978-09";"3M0";
"1978-10";"SARON";
"1978-10";"3M0";
"1978-11";"SARON";
"1978-11";"3M0";
"1978-12";"SARON";
"1978-12";"3M0";
"1979-01";"SARON";
"1979-01";"3M0";
"1979-02";"SARON";
"1979-02";"3M0";
"1979-03";"SARON";
"1979-03";"3M0";
"1979-04";"SARON";
"1979-04";"3M0";
"1979-05";"SARON";
"1979-05";"3M0";
"1979-06";"SARON";
"1979-06";"3M0";
"1979-07";"SARON";
"1979-07";"3M0";
"1979-08";"SARON";
"1979-08";"3M0";
"1979-09";"SARON";
"1979-09";"3M0";
"1979-10";"SARON";
"1979-10";"3M0";
"1979-11";"SARON";
"1979-11";"3M0";
"1979-12";"SARON";
"1979-12";"3M0";
"1980-01";"SARON";
"1980-01";"3M0";
"1980-02";"SARON";
"1980-02";"3M0";
"1980-03";"SARON";
"1980-03";"3M0";
"1980-04";"SARON";
"1980-04";"3M0";
"1980-05";"SARON";
"1980-05";"3M0";
"1980-06";"SARON";
"1980-06";"3M0";
"1980-07";"SARON";
"1980-07";"3M0";
"1980-08";"SARON";
"1980-08";"3M0";
"1980-09";"SARON";
"1980-09";"3M0";
"1980-10";"SARON";
"1980-10";"3M0";
"1980-11";"SARON";
"1980-11";"3M0";
"1980-12";"SARON";
"1980-12";"3M0";
"1981-01";"SARON";
"1981-01";"3M0";
"1981-02";"SARON";
"1981-02";"3M0";
"1981-03";"SARON";
"1981-03";"3M0";
"1981-04";"SARON";
"1981-04";"3M0";
"1981-05";"SARON";
"1981-05";"3M0";
"1981-06";"SARON";
"1981-06";"3M0";
"1981-07";"SARON";
"1981-07";"3M0";
"1981-08";"SARON";
"1981-08";"3M0";
"1981-09";"SARON";
"1981-09";"3M0";
"1981-10";"SARON";
"1981-10";"3M0";
"1981-11";"SARON";
"1981-11";"3M0";
"1981-12";"SARON";
"1981-12";"3M0";
"1982-01";"SARON";
"1982-01";"3M0";
"1982-02";"SARON";
"1982-02";"3M0";
"1982-03";"SARON";
"1982-03";"3M0";
"1982-04";"SARON";
"1982-04";"3M0";
"1982-05";"SARON";
"1982-05";"3M0";
"1982-06";"SARON";
"1982-06";"3M0";
"1982-07";"SARON";
"1982-07";"3M0";
"1982-08";"SARON";
"1982-08";"3M0";
"1982-09";"SARON";
"1982-09";"3M0";
"1982-10";"SARON";
"1982-10";"3M0";
"1982-11";"SARON";
"1982-11";"3M0";
"1982-12";"SARON";
"1982-12";"3M0";
"1983-01";"SARON";
"1983-01";"3M0";
"1983-02";"SARON";
"1983-02";"3M0";
"1983-03";"SARON";
"1983-03";"3M0";
"1983-04";"SARON";
"1983-04";"3M0";
"1983-05";"SARON";
"1983-05";"3M0";
"1983-06";"SARON";
"1983-06";"3M0";
"1983-07";"SARON";
"1983-07";"3M0";
"1983-08";"SARON";
"1983-08";"3M0";
"1983-09";"SARON";
"1983-09";"3M0";
"1983-10";"SARON";
"1983-10";"3M0";
"1983-11";"SARON";
"1983-11";"3M0";
"1983-12";"SARON";
"1983-12";"3M0";
"1984-01";"SARON";
"1984-01";"3M0";
"1984-02";"SARON";
"1984-02";"3M0";
"1984-03";"SARON";
"1984-03";"3M0";
"1984-04";"SARON";
"1984-04";"3M0";
"1984-05";"SARON";
"1984-05";"3M0";
"1984-06";"SARON";
"1984-06";"3M0";
"1984-07";"SARON";
"1984-07";"3M0";
"1984-08";"SARON";
"1984-08";"3M0";
"1984-09";"SARON";
"1984-09";"3M0";
"1984-10";"SARON";
"1984-10";"3M0";
"1984-11";"SARON";
"1984-11";"3M0";
"1984-12";"SARON";
"1984-12";"3M0";
"1985-01";"SARON";
"1985-01";"3M0";
"1985-02";"SARON";
"1985-02";"3M0";
"1985-03";"SARON";
"1985-03";"3M0";
"1985-04";"SARON";
"1985-04";"3M0";
"1985-05";"SARON";
"1985-05";"3M0";
"1985-06";"SARON";
"1985-06";"3M0";
"1985-07";"SARON";
"1985-07";"3M0";
"1985-08";"SARON";
"1985-08";"3M0";
"1985-09";"SARON";
"1985-09";"3M0";
"1985-10";"SARON";
"1985-10";"3M0";
"1985-11";"SARON";
"1985-11";"3M0";
"1985-12";"SARON";
"1985-12";"3M0";
"1986-01";"SARON";
"1986-01";"3M0";
"1986-02";"SARON";
"1986-02";"3M0";
"1986-03";"SARON";
"1986-03";"3M0";
"1986-04";"SARON";
"1986-04";"3M0";
"1986-05";"SARON";
"1986-05";"3M0";
"1986-06";"SARON";
"1986-06";"3M0";
"1986-07";"SARON";
"1986-07";"3M0";
"1986-08";"SARON";
"1986-08";"3M0";
"1986-09";"SARON";
"1986-09";"3M0";
"1986-10";"SARON";
"1986-10";"3M0";
"1986-11";"SARON";
"1986-11";"3M0";
"1986-12";"SARON";
"1986-12";"3M0";
"1987-01";"SARON";
"1987-01";"3M0";
"1987-02";"SARON";
"1987-02";"3M0";
"1987-03";"SARON";
"1987-03";"3M0";
"1987-04";"SARON";
"1987-04";"3M0";
"1987-05";"SARON";
"1987-05";"3M0";
"1987-06";"SARON";
"1987-06";"3M0";
"1987-07";"SARON";
"1987-07";"3M0";
"1987-08";"SARON";
"1987-08";"3M0";
"1987-09";"SARON";
"1987-09";"3M0";
"1987-10";"SARON";
"1987-10";"3M0";
"1987-11";"SARON";
"1987-11";"3M0";
"1987-12";"SARON";
"1987-12";"3M0";
"1988-01";"SARON";
"1988-01";"3M0";
"1988-02";"SARON";
"1988-02";"3M0";
"1988-03";"SARON";
"1988-03";"3M0";
"1988-04";"SARON";
"1988-04";"3M0";
"1988-05";"SARON";
"1988-05";"3M0";
"1988-06";"SARON";
"1988-06";"3M0";
"1988-07";"SARON";
"1988-07";"3M0";
"1988-08";"SARON";
"1988-08";"3M0";
"1988-09";"SARON";
"1988-09";"3M0";
"1988-10";"SARON";
"1988-10";"3M0";
"1988-11";"SARON";
"1988-11";"3M0";
"1988-12";"SARON";
"1988-12";"3M0";
"1989-01";"SARON";
"1989-01";"3M0";"5.875"
"1989-02";"SARON";
"1989-02";"3M0";"6.125"
"1989-03";"SARON";
"1989-03";"3M0";"5.875"
"1989-04";"SARON";
"1989-04";"3M0";"6.625"
"1989-05";"SARON";
"1989-05";"3M0";"8.25"
"1989-06";"SARON";
"1989-06";"3M0";"7.5"
"1989-07";"SARON";
"1989-07";"3M0";"7"
"1989-08";"SARON";
"1989-08";"3M0";"7.5"
"1989-09";"SARON";
"1989-09";"3M0";"7.9375"
"1989-10";"SARON";
"1989-10";"3M0";"8"
"1989-11";"SARON";
"1989-11";"3M0";"7.9375"
"1989-12";"SARON";
"1989-12";"3M0";"9.1875"
"1990-01";"SARON";
"1990-01";"3M0";"9.6875"
"1990-02";"SARON";
"1990-02";"3M0";"9.3125"
"1990-03";"SARON";
"1990-03";"3M0";"9"
"1990-04";"SARON";
"1990-04";"3M0";"9.375"
"1990-05";"SARON";
"1990-05";"3M0";"8.8125"
"1990-06";"SARON";
"1990-06";"3M0";"9"
"1990-07";"SARON";
"1990-07";"3M0";"8.95313"
"1990-08";"SARON";
"1990-08";"3M0";"8.625"
"1990-09";"SARON";
"1990-09";"3M0";"8.25"
"1990-10";"SARON";
"1990-10";"3M0";"8.3125"
"1990-11";"SARON";
"1990-11";"3M0";"8.9375"
"1990-12";"SARON";
"1990-12";"3M0";"8.75"
"1991-01";"SARON";
"1991-01";"3M0";"8.125"
"1991-02";"SARON";
"1991-02";"3M0";"8.25"
"1991-03";"SARON";
"1991-03";"3M0";"8.625"
"1991-04";"SARON";
"1991-04";"3M0";"8.625"
"1991-05";"SARON";
"1991-05";"3M0";"8"
"1991-06";"SARON";
"1991-06";"3M0";"8"
"1991-07";"SARON";
"1991-07";"3M0";"7.9375"
"1991-08";"SARON";
"1991-08";"3M0";"8.0625"
"1991-09";"SARON";
"1991-09";"3M0";"8.25"
"1991-10";"SARON";
"1991-10";"3M0";"8.375"
"1991-11";"SARON";
"1991-11";"3M0";"8.125"
"1991-12";"SARON";
"1991-12";"3M0";"8.1875"
"1992-01";"SARON";
"1992-01";"3M0";"7.5"
"1992-02";"SARON";
"1992-02";"3M0";"7.6875"
"1992-03";"SARON";
"1992-03";"3M0";"8.9375"
"1992-04";"SARON";
"1992-04";"3M0";"8.875"
"1992-05";"SARON";
"1992-05";"3M0";"9.4375"
"1992-06";"SARON";
"1992-06";"3M0";"9.25"
"1992-07";"SARON";
"1992-07";"3M0";"8.625"
"1992-08";"SARON";
"1992-08";"3M0";"7.875"
"1992-09";"SARON";
"1992-09";"3M0";"6.98438"
"1992-10";"SARON";
"1992-10";"3M0";"6.375"
"1992-11";"SARON";
"1992-11";"3M0";"6.70313"
"1992-12";"SARON";
"1992-12";"3M0";"6"
"1993-01";"SARON";
"1993-01";"3M0";"5.4375"
"1993-02";"SARON";
"1993-02";"3M0";"5.5"
"1993-03";"SARON";
"1993-03";"3M0";"5.1875"
"1993-04";"SARON";
"1993-04";"3M0";"5.125"
"1993-05";"SARON";
"1993-05";"3M0";"5.15625"
"1993-06";"SARON";
"1993-06";"3M0";"5.03125"
"1993-07";"SARON";
"1993-07";"3M0";"4.6875"
"1993-08";"SARON";
"1993-08";"3M0";"4.8125"
"1993-09";"SARON";
"1993-09";"3M0";"4.75"
"1993-10";"SARON";
"1993-10";"3M0";"4.5625"
"1993-11";"SARON";
"1993-11";"3M0";"4.5"
"1993-12";"SARON";
"1993-12";"3M0";"4.125"
"1994-01";"SARON";
"1994-01";"3M0";"4.07813"
"1994-02";"SARON";
"1994-02";"3M0";"4.17188"
"1994-03";"SARON";
"1994-03";"3M0";"4.1875"
"1994-04";"SARON";
"1994-04";"3M0";"4"
"1994-05";"SARON";
"1994-05";"3M0";"4.25"
"1994-06";"SARON";
"1994-06";"3M0";"4.32813"
"1994-07";"SARON";
"1994-07";"3M0";"4.375"
"1994-08";"SARON";
"1994-08";"3M0";"4.3125"
"1994-09";"SARON";
"1994-09";"3M0";"4.1875"
"1994-10";"SARON";
"1994-10";"3M0";"4.0625"
"1994-11";"SARON";
"1994-11";"3M0";"4.01563"
"1994-12";"SARON";
"1994-12";"3M0";"4.29688"
"1995-01";"SARON";
"1995-01";"3M0";"4"
"1995-02";"SARON";
"1995-02";"3M0";"3.875"
"1995-03";"SARON";
"1995-03";"3M0";"3.5"
"1995-04";"SARON";
"1995-04";"3M0";"3.5"
"1995-05";"SARON";
"1995-05";"3M0";"3.26563"
"1995-06";"SARON";
"1995-06";"3M0";"3.125"
"1995-07";"SARON";
"1995-07";"3M0";"2.73438"
"1995-08";"SARON";
"1995-08";"3M0";"2.875"
"1995-09";"SARON";
"1995-09";"3M0";"2.48438"
"1995-10";"SARON";
"1995-10";"3M0";"2.07813"
"1995-11";"SARON";
"1995-11";"3M0";"2.125"
"1995-12";"SARON";
"1995-12";"3M0";"1.8125"
"1996-01";"SARON";
"1996-01";"3M0";"1.76563"
"1996-02";"SARON";
"1996-02";"3M0";"1.625"
"1996-03";"SARON";
"1996-03";"3M0";"1.79688"
"1996-04";"SARON";
"1996-04";"3M0";"1.875"
"1996-05";"SARON";
"1996-05";"3M0";"2.625"
"1996-06";"SARON";
"1996-06";"3M0";"2.5625"
"1996-07";"SARON";
"1996-07";"3M0";"2.5625"
"1996-08";"SARON";
"1996-08";"3M0";"2.17188"
"1996-09";"SARON";
"1996-09";"3M0";"1.5"
"1996-10";"SARON";
"1996-10";"3M0";"1.8125"
"1996-11";"SARON";
"1996-11";"3M0";"2.0625"
"1996-12";"SARON";
"1996-12";"3M0";"1.875"
"1997-01";"SARON";
"1997-01";"3M0";"1.73438"
"1997-02";"SARON";
"1997-02";"3M0";"1.75"
"1997-03";"SARON";
"1997-03";"3M0";"1.875"
"1997-04";"SARON";
"1997-04";"3M0";"1.8125"
"1997-05";"SARON";
"1997-05";"3M0";"1.125"
"1997-06";"SARON";
"1997-06";"3M0";"1.4375"
"1997-07";"SARON";
"1997-07";"3M0";"1.5625"
"1997-08";"SARON";
"1997-08";"3M0";"1.375"
"1997-09";"SARON";
"1997-09";"3M0";"1.59375"
"1997-10";"SARON";
"1997-10";"3M0";"1.96094"
"1997-11";"SARON";
"1997-11";"3M0";"1.92969"
"1997-12";"SARON";
"1997-12";"3M0";"1.5"
"1998-01";"SARON";
"1998-01";"3M0";"1.1875"
"1998-02";"SARON";
"1998-02";"3M0";"1"
"1998-03";"SARON";
"1998-03";"3M0";"1.48438"
"1998-04";"SARON";
"1998-04";"3M0";"1.53125"
"1998-05";"SARON";
"1998-05";"3M0";"1.6875"
"1998-06";"SARON";
"1998-06";"3M0";"2.15625"
"1998-07";"SARON";
"1998-07";"3M0";"1.94141"
"1998-08";"SARON";
"1998-08";"3M0";"1.61328"
"1998-09";"SARON";
"1998-09";"3M0";"1.57422"
"1998-10";"SARON";
"1998-10";"3M0";"1.25625"
"1998-11";"SARON";
"1998-11";"3M0";"1.75"
"1998-12";"SARON";
"1998-12";"3M0";"1.40828"
"1999-01";"SARON";
"1999-01";"3M0";"1.27167"
"1999-02";"SARON";
"1999-02";"3M0";"1.26167"
"1999-03";"SARON";
"1999-03";"3M0";"1.24833"
"1999-04";"SARON";
"1999-04";"3M0";"0.99333"
"1999-05";"SARON";
"1999-05";"3M0";"1.02333"
"1999-06";"SARON";"2.5"
"1999-06";"3M0";"1.22167"
"1999-07";"SARON";"0.65"
"1999-07";"3M0";"1.12333"
"1999-08";"SARON";"0.662654"
"1999-08";"3M0";"1.09667"
"1999-09";"SARON";"1.603778"
"1999-09";"3M0";"1.915"
"1999-10";"SARON";"0.823193"
"1999-10";"3M0";"2.045"
"1999-11";"SARON";"1.078627"
"1999-11";"3M0";"1.86167"
"1999-12";"SARON";"1.437788"
"1999-12";"3M0";"1.84667"
"2000-01";"SARON";"2.28"
"2000-01";"3M0";"2.13167"
"2000-02";"SARON";"1.342026"
"2000-02";"3M0";"2.44167"
"2000-03";"SARON";"2.361749"
"2000-03";"3M0";"2.855"
"2000-04";"SARON";"2.547827"
"2000-04";"3M0";"3.24333"
"2000-05";"SARON";"3.047974"
"2000-05";"3M0";"3.16"
"2000-06";"SARON";"3.054887"
"2000-06";"3M0";"3.39667"
"2000-07";"SARON";"2.778948"
"2000-07";"3M0";"3.44"
"2000-08";"SARON";"3.125945"
"2000-08";"3M0";"3.48667"
"2000-09";"SARON";"2.991287"
"2000-09";"3M0";"3.585"
"2000-10";"SARON";"2.967391"
"2000-10";"3M0";"3.49167"
"2000-11";"SARON";"2.955805"
"2000-11";"3M0";"3.47833"
"2000-12";"SARON";"3.490226"
"2000-12";"3M0";"3.37"
"2001-01";"SARON";"3.308556"
"2001-01";"3M0";"3.42"
"2001-02";"SARON";"3.282052"
"2001-02";"3M0";"3.42833"
"2001-03";"SARON";"3.250111"
"2001-03";"3M0";"3.325"
"2001-04";"SARON";"3.085493"
"2001-04";"3M0";"3.175"
"2001-05";"SARON";"3.275508"
"2001-05";"3M0";"3.205"
"2001-06";"SARON";"3.283814"
"2001-06";"3M0";"3.23667"
"2001-07";"SARON";"3.226346"
"2001-07";"3M0";"3.19"
"2001-08";"SARON";"3.123531"
"2001-08";"3M0";"3.15667"
"2001-09";"SARON";"2.027698"
"2001-09";"3M0";"2.28333"
"2001-10";"SARON";"2.118133"
"2001-10";"3M0";"2.09"
"2001-11";"SARON";"1.960142"
"2001-11";"3M0";"2.00333"
"2001-12";"SARON";"1.469348"
"2001-12";"3M0";"1.83833"
"2002-01";"SARON";"1.203506"
"2002-01";"3M0";"1.69667"
"2002-02";"SARON";"1.571053"
"2002-02";"3M0";"1.73833"
"2002-03";"SARON";"1.202675"
"2002-03";"3M0";"1.635"
"2002-04";"SARON";"1.418686"
"2002-04";"3M0";"1.57"
"2002-05";"SARON";"0.974746"
"2002-05";"3M0";"1.23167"
"2002-06";"SARON";"0.937309"
"2002-06";"3M0";"1.24333"
"2002-07";"SARON";"0.703175"
"2002-07";"3M0";"0.82167"
"2002-08";"SARON";"0.603556"
"2002-08";"3M0";"0.75167"
"2002-09";"SARON";"0.50856"
"2002-09";"3M0";"0.74833"
"2002-10";"SARON";"0.517184"
"2002-10";"3M0";"0.74333"
"2002-11";"SARON";"0.506908"
"2002-11";"3M0";"0.745"
"2002-12";"SARON";"0.362647"
"2002-12";"3M0";"0.61667"
"2003-01";"SARON";"0.486557"
"2003-01";"3M0";"0.60333"
"2003-02";"SARON";"0.562408"
"2003-02";"3M0";"0.57167"
"2003-03";"SARON";"0.177559"
"2003-03";"3M0";"0.31333"
"2003-04";"SARON";"0.094747"
"2003-04";"3M0";"0.30833"
"2003-05";"SARON";"0.13474"
"2003-05";"3M0";"0.28167"
"2003-06";"SARON";"0.14823"
"2003-06";"3M0";"0.28833"
"2003-07";"SARON";"0.111008"
"2003-07";"3M0";"0.28667"
"2003-08";"SARON";"0.053337"
"2003-08";"3M0";"0.26667"
"2003-09";"SARON";"0.145845"
"2003-09";"3M0";"0.25417"
"2003-10";"SARON";"0.113241"
"2003-10";"3M0";"0.24917"
"2003-11";"SARON";"0.117566"
"2003-11";"3M0";"0.26667"
"2003-12";"SARON";"0.126631"
"2003-12";"3M0";"0.26"
"2004-01";"SARON";"0.098549"
"2004-01";"3M0";"0.24667"
"2004-02";"SARON";"0.100093"
"2004-02";"3M0";"0.25833"
"2004-03";"SARON";"0.110365"
"2004-03";"3M0";"0.25"
"2004-04";"SARON";"0.108065"
"2004-04";"3M0";"0.27167"
"2004-05";"SARON";"0.112946"
"2004-05";"3M0";"0.26"
"2004-06";"SARON";"0.360676"
"2004-06";"3M0";"0.49833"
"2004-07";"SARON";"0.1953"
"2004-07";"3M0";"0.53"
"2004-08";"SARON";"0.173508"
"2004-08";"3M0";"0.62"
"2004-09";"SARON";"0.53447"
"2004-09";"3M0";"0.7"
"2004-10";"SARON";"0.63083"
"2004-10";"3M0";"0.72667"
"2004-11";"SARON";"0.503354"
"2004-11";"3M0";"0.74"
"2004-12";"SARON";"0.497394"
"2004-12";"3M0";"0.71667"
"2005-01";"SARON";"0.654176"
"2005-01";"3M0";"0.75"
"2005-02";"SARON";"0.67587"
"2005-02";"3M0";"0.75833"
"2005-03";"SARON";"0.809343"
"2005-03";"3M0";"0.775"
"2005-04";"SARON";"0.646173"
"2005-04";"3M0";"0.76"
"2005-05";"SARON";"0.665846"
"2005-05";"3M0";"0.75"
"2005-06";"SARON";"0.631008"
"2005-06";"3M0";"0.74833"
"2005-07";"SARON";"0.678098"
"2005-07";"3M0";"0.755"
"2005-08";"SARON";"0.677405"
"2005-08";"3M0";"0.76"
"2005-09";"SARON";"0.674366"
"2005-09";"3M0";"0.79"
"2005-10";"SARON";"0.673334"
"2005-10";"3M0";"0.85"
"2005-11";"SARON";"0.68404"
"2005-11";"3M0";"1.01"
"2005-12";"SARON";"0.609864"
"2005-12";"3M0";"1.01"
"2006-01";"SARON";"0.828563"
"2006-01";"3M0";"1.02417"
"2006-02";"SARON";"0.895374"
"2006-02";"3M0";"1.17583"
"2006-03";"SARON";"1.05294"
"2006-03";"3M0";"1.24917"
"2006-04";"SARON";"1.187275"
"2006-04";"3M0";"1.34"
"2006-05";"SARON";"1.11309"
"2006-05";"3M0";"1.42333"
"2006-06";"SARON";"1.242492"
"2006-06";"3M0";"1.52"
"2006-07";"SARON";"1.345125"
"2006-07";"3M0";"1.55"
"2006-08";"SARON";"1.370228"
"2006-08";"3M0";"1.68"
"2006-09";"SARON";"1.682963"
"2006-09";"3M0";"1.81083"
"2006-10";"SARON";"1.627171"
"2006-10";"3M0";"1.86"
"2006-11";"SARON";"1.768215"
"2006-11";"3M0";"1.95"
"2006-12";"SARON";"1.897995"
"2006-12";"3M0";"2.1025"
"2007-01";"SARON";"1.905279"
"2007-01";"3M0";"2.19"
"2007-02";"SARON";"1.835111"
"2007-02";"3M0";"2.22"
"2007-03";"SARON";"1.979335"
"2007-03";"3M0";"2.295"
"2007-04";"SARON";"2.066636"
"2007-04";"3M0";"2.35"
"2007-05";"SARON";"2.165807"
"2007-05";"3M0";"2.47"
"2007-06";"SARON";"2.418879"
"2007-06";"3M0";"2.7"
"2007-07";"SARON";"2.490651"
"2007-07";"3M0";"2.7075"
"2007-08";"SARON";"2.3134"
"2007-08";"3M0";"2.89667"
"2007-09";"SARON";"2.209981"
"2007-09";"3M0";"2.785"
"2007-10";"SARON";"2.118889"
"2007-10";"3M0";"2.75333"
"2007-11";"SARON";"2.115592"
"2007-11";"3M0";"2.745"
"2007-12";"SARON";"1.873853"
"2007-12";"3M0";"2.75667"
"2008-01";"SARON";"2.241335"
"2008-01";"3M0";"2.65333"
"2008-02";"SARON";"2.240998"
"2008-02";"3M0";"2.79667"
"2008-03";"SARON";"1.894609"
"2008-03";"3M0";"2.885"
"2008-04";"SARON";"1.850478"
"2008-04";"3M0";"2.80833"
"2008-05";"SARON";"1.796851"
"2008-05";"3M0";"2.7775"
"2008-06";"SARON";"1.860357"
"2008-06";"3M0";"2.79"
"2008-07";"SARON";"1.955679"
"2008-07";"3M0";"2.75583"
"2008-08";"SARON";"1.933609"
"2008-08";"3M0";"2.745"
"2008-09";"SARON";"1.666335"
"2008-09";"3M0";"2.955"
"2008-10";"SARON";"0.522862"
"2008-10";"3M0";"2.71833"
"2008-11";"SARON";"0.03909"
"2008-11";"3M0";"1.255"
"2008-12";"SARON";"0.019608"
"2008-12";"3M0";"0.66167"
"2009-01";"SARON";"0.080879"
"2009-01";"3M0";"0.52667"
"2009-02";"SARON";"0.035864"
"2009-02";"3M0";"0.495"
"2009-03";"SARON";"0.031394"
"2009-03";"3M0";"0.40333"
"2009-04";"SARON";"0.03359"
"2009-04";"3M0";"0.40333"
"2009-05";"SARON";"0.034996"
"2009-05";"3M0";"0.39833"
"2009-06";"SARON";"0.020048"
"2009-06";"3M0";"0.395"
"2009-07";"SARON";"0.016977"
"2009-07";"3M0";"0.36"
"2009-08";"SARON";"0.018446"
"2009-08";"3M0";"0.31667"
"2009-09";"SARON";"0.024256"
"2009-09";"3M0";"0.28833"
"2009-10";"SARON";"0.045043"
"2009-10";"3M0";"0.26183"
"2009-11";"SARON";"0.043573"
"2009-11";"3M0";"0.25"
"2009-12";"SARON";"0.031984"
"2009-12";"3M0";"0.25167"
"2010-01";"SARON";"0.027068"
"2010-01";"3M0";"0.25"
"2010-02";"SARON";"0.037635"
"2010-02";"3M0";"0.25"
"2010-03";"SARON";"0.052509"
"2010-03";"3M0";"0.24667"
"2010-04";"SARON";"0.027666"
"2010-04";"3M0";"0.24583"
"2010-05";"SARON";"0.016089"
"2010-05";"3M0";"0.10833"
"2010-06";"SARON";"0.059386"
"2010-06";"3M0";"0.11167"
"2010-07";"SARON";"0.079548"
"2010-07";"3M0";"0.17167"
"2010-08";"SARON";"0.318768"
"2010-08";"3M0";"0.165"
"2010-09";"SARON";"0.093595"
"2010-09";"3M0";"0.17833"
"2010-10";"SARON";"0.058606"
"2010-10";"3M0";"0.16833"
"2010-11";"SARON";"0.15866"
"2010-11";"3M0";"0.17167"
"2010-12";"SARON";"0.050282"
"2010-12";"3M0";"0.17"
"2011-01";"SARON";"0.10152"
"2011-01";"3M0";"0.17"
"2011-02";"SARON";"0.078858"
"2011-02";"3M0";"0.17"
"2011-03";"SARON";"0.083753"
"2011-03";"3M0";"0.18"
"2011-04";"SARON";"0.030437"
"2011-04";"3M0";"0.185"
"2011-05";"SARON";"0.02816"
"2011-05";"3M0";"0.17583"
"2011-06";"SARON";"0.07111"
"2011-06";"3M0";"0.175"
"2011-07";"SARON";"0.05025"
"2011-07";"3M0";"0.175"
"2011-08";"SARON";"-0.009758"
"2011-08";"3M0";"0.005"
"2011-09";"SARON";"0.008339"
"2011-09";"3M0";"0.02333"
"2011-10";"SARON";"0.002873"
"2011-10";"3M0";"0.04333"
"2011-11";"SARON";"0.02014"
"2011-11";"3M0";"0.05167"
"2011-12";"SARON";"0.018136"
"2011-12";"3M0";"0.05167"
"2012-01";"SARON";"-0.012948"
"2012-01";"3M0";"0.07"
"2012-02";"SARON";"-0.001064"
"2012-02";"3M0";"0.08667"
"2012-03";"SARON";"0.007232"
"2012-03";"3M0";"0.11"
"2012-04";"SARON";"-0.017135"
"2012-04";"3M0";"0.11167"
"2012-05";"SARON";"0.016374"
"2012-05";"3M0";"0.0975"
"2012-06";"SARON";"0.027838"
"2012-06";"3M0";"0.087"
"2012-07";"SARON";"-0.057817"
"2012-07";"3M0";"0.06"
"2012-08";"SARON";"-0.023866"
"2012-08";"3M0";"0.046"
"2012-09";"SARON";"0.022813"
"2012-09";"3M0";"0.044"
"2012-10";"SARON";"-0.027541"
"2012-10";"3M0";"0.032"
"2012-11";"SARON";"0.04"
"2012-11";"3M0";"0.03"
"2012-12";"SARON";"0.032766"
"2012-12";"3M0";"0.012"
"2013-01";"SARON";"-0.028182"
"2013-01";"3M0";"0.022"
"2013-02";"SARON";"-0.035067"
"2013-02";"3M0";"0.022"
"2013-03";"SARON";"-0.017292"
"2013-03";"3M0";"0.022"
"2013-04";"SARON";"-0.008163"
"2013-04";"3M0";"0.02"
"2013-05";"SARON";"-0.024285"
"2013-05";"3M0";"0.016"
"2013-06";"SARON";"0.004224"
"2013-06";"3M0";"0.019"
"2013-07";"SARON";"-0.005746"
"2013-07";"3M0";"0.018"
"2013-08";"SARON";"0.010574"
"2013-08";"3M0";"0.018"
"2013-09";"SARON";"-0.001193"
"2013-09";"3M0";"0.022"
"2013-10";"SARON";"-0.016479"
"2013-10";"3M0";"0.019"
"2013-11";"SARON";"-0.033343"
"2013-11";"3M0";"0.015"
"2013-12";"SARON";"0.089315"
"2013-12";"3M0";"0.023"
"2014-01";"SARON";"-0.015391"
"2014-01";"3M0";"0.018"
"2014-02";"SARON";"-0.02602"
"2014-02";"3M0";"0.022"
"2014-03";"SARON";"-0.000316"
"2014-03";"3M0";"0.022"
"2014-04";"SARON";"-0.038873"
"2014-04";"3M0";"0.017"
"2014-05";"SARON";"-0.022355"
"2014-05";"3M0";"0.012"
"2014-06";"SARON";"-0.036625"
"2014-06";"3M0";"0.008"
"2014-07";"SARON";"-0.034751"
"2014-07";"3M0";"0.018"
"2014-08";"SARON";"0.006218"
"2014-08";"3M0";"0.018"
"2014-09";"SARON";"0.01231"
"2014-09";"3M0";"0.006"
"2014-10";"SARON";"-0.034484"
"2014-10";"3M0";"0.015"
"2014-11";"SARON";"-0.015032"
"2014-11";"3M0";"0.001"
"2014-12";"SARON";"0.003368"
"2014-12";"3M0";"-0.063"
"2015-01";"SARON";"-0.678498"
"2015-01";"3M0";"-0.854"
"2015-02";"SARON";"-0.7561"
"2015-02";"3M0";"-0.85"
"2015-03";"SARON";"-0.730568"
"2015-03";"3M0";"-0.814"
"2015-04";"SARON";"-0.722648"
"2015-04";"3M0";"-0.794"
"2015-05";"SARON";"-0.726401"
"2015-05";"3M0";"-0.788"
"2015-06";"SARON";"-0.727129"
"2015-06";"3M0";"-0.789"
"2015-07";"SARON";"-0.738677"
"2015-07";"3M0";"-0.739"
"2015-08";"SARON";"-0.724588"
"2015-08";"3M0";"-0.724"
"2015-09";"SARON";"-0.719895"
"2015-09";"3M0";"-0.733"
"2015-10";"SARON";"-0.724732"
"2015-10";"3M0";"-0.732"
"2015-11";"SARON";"-0.72187"
"2015-11";"3M0";"-0.832"
"2015-12";"SARON";"-0.721086"
"2015-12";"3M0";"-0.756"
"2016-01";"SARON";"-0.723007"
"2016-01";"3M0";"-0.757"
"2016-02";"SARON";"-0.733788"
"2016-02";"3M0";"-0.8046"
"2016-03";"SARON";"-0.737954"
"2016-03";"3M0";"-0.7292"
"2016-04";"SARON";"-0.726368"
"2016-04";"3M0";"-0.7294"
"2016-05";"SARON";"-0.729792"
"2016-05";"3M0";"-0.7352"
"2016-06";"SARON";"-0.765593"
"2016-06";"3M0";"-0.7798"
"2016-07";"SARON";"-0.745432"
"2016-07";"3M0";"-0.7476"
"2016-08";"SARON";"-0.731087"
"2016-08";"3M0";"-0.7364"
"2016-09";"SARON";"-0.744965"
"2016-09";"3M0";"-0.75"
"2016-10";"SARON";"-0.729412"
"2016-10";"3M0";"-0.73"
"2016-11";"SARON";"-0.728146"
"2016-11";"3M0";"-0.749"
"2016-12";"SARON";"-0.731921"
"2016-12";"3M0";"-0.7292"
"2017-01";"SARON";"-0.732656"
"2017-01";"3M0";"-0.7286"
"2017-02";"SARON";"-0.72986"
"2017-02";"3M0";"-0.7262"
"2017-03";"SARON";"-0.737014"
"2017-03";"3M0";"-0.7296"
"2017-04";"SARON";"-0.738899"
"2017-04";"3M0";"-0.73"
"2017-05";"SARON";"-0.734836"
"2017-05";"3M0";"-0.7296"
"2017-06";"SARON";"-0.734155"
"2017-06";"3M0";"-0.73"
"2017-07";"SARON";"-0.732636"
"2017-07";"3M0";"-0.7256"
"2017-08";"SARON";"-0.732305"
"2017-08";"3M0";"-0.7262"
"2017-09";"SARON";"-0.742996"
"2017-09";"3M0";"-0.726"
"2017-10";"SARON";"-0.737404"
"2017-10";"3M0";"-0.7268"
"2017-11";"SARON";"-0.736376"
"2017-11";"3M0";"-0.752"
"2017-12";"SARON";"-0.746149"
"2017-12";"3M0";"-0.7462"
"2018-01";"SARON";"-0.740278"
"2018-01";"3M0";"-0.745"
"2018-02";"SARON";"-0.759249"
"2018-02";"3M0";"-0.7446"
"2018-03";"SARON";"-0.73834"
"2018-03";"3M0";"-0.7354"
"2018-04";"SARON";"-0.729806"
"2018-04";"3M0";"-0.7282"
"2018-05";"SARON";"-0.728226"
"2018-05";"3M0";"-0.7348"
"2018-06";"SARON";"-0.730086"
"2018-06";"3M0";"-0.7316"
"2018-07";"SARON";"-0.730823"
"2018-07";"3M0";"-0.7278"
"2018-08";"SARON";"-0.731997"
"2018-08";"3M0";"-0.7284"
"2018-09";"SARON";"-0.785767"
"2018-09";"3M0";"-0.7358"
"2018-10";"SARON";"-0.73731"
"2018-10";"3M0";"-0.7454"
"2018-11";"SARON";"-0.732697"
"2018-11";"3M0";"-0.7382"
"2018-12";"SARON";"-0.730971"
"2018-12";"3M0";"-0.7134"
"2019-01";"SARON";"-0.731819"
"2019-01";"3M0";"-0.713"
"2019-02";"SARON";"-0.738785"
"2019-02";"3M0";"-0.7156"
"2019-03";"SARON";"-0.737656"
"2019-03";"3M0";"-0.7122"
"2019-04";"SARON";"-0.73173"
"2019-04";"3M0";"-0.7138"
"2019-05";"SARON";"-0.73687"
"2019-05";"3M0";"-0.713"
"2019-06";"SARON";"-0.74023"
"2019-06";"3M0";"-0.7256"
"2019-07";"SARON";"-0.74512"
"2019-07";"3M0";"-0.768"
"2019-08";"SARON";"-0.74726"
"2019-08";"3M0";"-0.8554"
"2019-09";"SARON";"-0.74627"
"2019-09";"3M0";"-0.7632"
"2019-10";"SARON";"-0.73297"
"2019-10";"3M0";"-0.7594"
"2019-11";"SARON";"-0.7065"
"2019-11";"3M0";"-0.7228"
"2019-12";"SARON";"-0.65925"
"2019-12";"3M0";"-0.6884"
"2020-01";"SARON";"-0.70191"
"2020-01";"3M0";"-0.69"
"2020-02";"SARON";"-0.70741"
"2020-02";"3M0";"-0.7352"
"2020-03";"SARON";"-0.66619"
"2020-03";"3M0";"-0.6554"
"2020-04";"SARON";"-0.65946"
"2020-04";"3M0";"-0.5832"
"2020-05";"SARON";"-0.65962"
"2020-05";"3M0";"-0.651"
"2020-06";"SARON";"-0.66239"
"2020-06";"3M0";"-0.676"
"2020-07";"SARON";"-0.7037"
"2020-07";"3M0";"-0.7048"
"2020-08";"SARON";"-0.70568"
"2020-08";"3M0";"-0.7204"
"2020-09";"SARON";"-0.71371"
"2020-09";"3M0";"-0.7806"
"2020-10";"SARON";"-0.71804"
"2020-10";"3M0";"-0.7666"
"2020-11";"SARON";"-0.72109"
"2020-11";"3M0";"-0.784"
"2020-12";"SARON";"-0.726264"
"2020-12";"3M0";"-0.7638"
"2021-01";"SARON";"-0.725018"
"2021-01";"3M0";"-0.7614"
"2021-02";"SARON";"-0.725267"
"2021-02";"3M0";"-0.7456"
"2021-03";"SARON";"-0.72334"
"2021-03";"3M0";"-0.754"
"2021-04";"SARON";"-0.725071"
"2021-04";"3M0";"-0.7458"
"2021-05";"SARON";"-0.725578"
"2021-05";"3M0";"-0.7436"
"2021-06";"SARON";"-0.722566"
"2021-06";"3M0";"-0.7536"
"2021-07";"SARON";"-0.721564"
"2021-07";"3M0";"-0.7594"
"2021-08";"SARON";"-0.72305"
"2021-08";"3M0";"-0.7704"
"2021-09";"SARON";"-0.672877"
"2021-09";"3M0";"-0.7624"
"2021-10";"SARON";"-0.693678"
"2021-10";"3M0";"-0.7708"
"2021-11";"SARON";"-0.680889"
"2021-11";"3M0";"-0.7836"
"2021-12";"SARON";"-0.68483"
"2021-12";"3M0";"-0.753"
"2022-01";"SARON";"-0.696923"
"2022-01";"3M0";
"2022-02";"SARON";"-0.698075"
"2022-02";"3M0";
"2022-03";"SARON";"-0.701726"
"2022-03";"3M0";
"2022-04";"SARON";"-0.701592"
"2022-04";"3M0";
"2022-05";"SARON";"-0.692302"
"2022-05";"3M0";
"2022-06";"SARON";"-0.195447"
"2022-06";"3M0";
"2022-07";"SARON";"-0.18865"
"2022-07";"3M0";
"2022-08";"SARON";"-0.200623"
"2022-08";"3M0";
"2022-09";"SARON";"0.43653"
"2022-09";"3M0";
"2022-10";"SARON";"0.470718"
"2022-10";"3M0";
"2022-11";"SARON";"0.459251"
"2022-11";"3M0";
"2022-12";"SARON";"0.942118"
"2022-12";"3M0";
"2023-01";"SARON";"0.946142"
"2023-01";"3M0";
"2023-02";"SARON";"0.937929"
"2023-02";"3M0";
"2023-03";"SARON";"1.418617"
"2023-03";"3M0";
"2023-04";"SARON";"1.419656"
"2023-04";"3M0";
"2023-05";"SARON";"1.441883"
"2023-05";"3M0";
"2023-06";"SARON";"1.706544"
"2023-06";"3M0";
"2023-07";"SARON";"1.702332"
"2023-07";"3M0";
"2023-08";"SARON";"1.705343"
"2023-08";"3M0";
"2023-09";"SARON";"1.714893"
"2023-09";"3M0";
"2023-10";"SARON";"1.704967"
"2023-10";"3M0";
"2023-11";"SARON";"1.701526"
"2023-11";"3M0";
"2023-12";"SARON";"1.695237"
"2023-12";"3M0";
"2024-01";"SARON";"1.698236"
"2024-01";"3M0";
"2024-02";"SARON";"1.697838"
"2024-02";"3M0";
"2024-03";"SARON";"1.464207"
"2024-03";"3M0";
"2024-04";"SARON";"1.444518"
"2024-04";"3M0";
"2024-05";"SARON";"1.450122"
"2024-05";"3M0";
"2024-06";"SARON";"1.215794"
"2024-06";"3M0";
"2024-07";"SARON";"1.21096"
"2024-07";"3M0";
"2024-08";"SARON";"1.217226"
"2024-08";"3M0";
"2024-09";"SARON";"0.957401"
"2024-09";"3M0";
"2024-10";"SARON";"0.949059"
"2024-10";"3M0";
"2024-11";"SARON";"0.942743"
"2024-11";"3M0";
"2024-12";"SARON";"0.451195"
"2024-12";"3M0";
"2025-01";"SARON";"0.430306"
"2025-01";"3M0";
"2025-02";"SARON";"0.428856"
"2025-02";"3M0";
"2025-03";"SARON";"0.206315"
"2025-03";"3M0";
"2025-04";"SARON";"0.197924"
"2025-04";"3M0";
"2025-05";"SARON";"0.207065"
"2025-05";"3M0";
"2025-06";"SARON";"-0.031727"
"2025-06";"3M0";
"2025-07";"SARON";"-0.0327"
"2025-07";"3M0";
"2025-08";"SARON";"-0.06214"
"2025-08";"3M0";
"2025-09";"SARON";"-0.045082"
"2025-09";"3M0";
"2025-10";"SARON";"-0.049317"
"2025-10";"3M0";
"2025-11";"SARON";"-0.053351"
"2025-11";"3M0";
"2025-12";"SARON";"-0.079228"
"2025-12";"3M0";
"2026-01";"SARON";"-0.074428"
"2026-01";"3M0";
"2026-02";"SARON";"-0.076166"
"2026-02";"3M0";
"2026-03";"SARON";"-0.066425"
"2026-03";"3M0";
"2026-04";"SARON";"-0.046989"
"2026-04";"3M0";
"2026-05";"SARON";"-0.055974"
"2026-05";"3M0";
